date, pm25, pm10,,,,
4/1/2023,266,100, , , , 
4/2/2023,209,72, , , , 
4/3/2023,162,81, , , , 
4/4/2023,177,106, , , , 
4/5/2023,223,140, , , , 
4/6/2023,275,154, , , , 
4/7/2023,291,114, , , , 
4/8/2023,223,113, , , , 
4/9/2023,206, , , , , 
4/10/2023,168, , , , , 
1/2/2023,80,37, , , , 
1/3/2023,79,32, , , , 
1/4/2023,75,36, , , , 
1/5/2023,75,29, , , , 
1/6/2023,66,23, , , , 
1/7/2023,68,35, , , , 
1/8/2023,93,51, , , , 
1/9/2023,95,40, , , , 
1/10/2023,87,44, , , , 
1/11/2023,87,41, , , , 
1/12/2023,91,38, , , , 
1/13/2023,83,33, , , , 
1/14/2023,80,34, , , , 
1/15/2023,88,44, , , , 
1/16/2023,107,48, , , , 
1/17/2023,109,53, , , , 
1/18/2023,127,53, , , , 
1/19/2023,129,51, , , , 
1/20/2023,110,44, , , , 
1/21/2023,106,45, , , , 
1/22/2023,109,45, , , , 
1/23/2023,107,50, , , , 
1/24/2023,117,54, , , , 
1/25/2023,131,59, , , , 
1/26/2023,139,63, , , , 
1/27/2023,145,56, , , , 
1/28/2023,141,50, , , , 
1/29/2023,135,50, , , , 
1/30/2023,110,60, , , , 
1/31/2023,132,64, , , , 
2/1/2023,154,65, , , , 
2/2/2023,157,70, , , , 
2/3/2023,160,66, , , , 
2/4/2023,161,57, , , , 
2/5/2023,146,43, , , , 
2/6/2023,93,47, , , , 
2/7/2023,85,48, , , , 
2/8/2023,96,58, , , , 
2/9/2023,133,53, , , , 
2/10/2023,118,49, , , , 
2/11/2023,124,52, , , , 
2/12/2023,131,58, , , , 
2/13/2023,151,68, , , , 
2/14/2023,160,91, , ,1, 
2/15/2023,183,53, , , , 
2/16/2023,139,24, , , , 
2/17/2023,67,25, , , , 
2/18/2023,63,26, , , , 
2/19/2023,69,50, , , , 
2/20/2023,115,61, , , , 
2/21/2023,152,64, , ,1, 
2/22/2023,150,62, , ,1, 
2/23/2023,154,51, , ,1, 
2/24/2023,121,60, , ,1, 
2/25/2023,154,58, , ,1, 
2/26/2023,147,64, , ,1, 
2/27/2023,153,71, , ,1, 
2/28/2023,161,82, , ,1, 
3/1/2023,170,78, , ,1, 
3/2/2023,168,82, , ,1, 
3/3/2023,175,79, , ,1, 
3/4/2023,174,76, , ,1, 
3/5/2023,169,72, , ,1, 
3/6/2023,165,71, , ,1, 
3/7/2023,168,75, , ,1, 
3/8/2023,169,73, , ,1, 
3/9/2023,168,81, , ,1, 
3/10/2023,175,81, , , , 
3/11/2023,175,86, , , , 
3/12/2023,182,56, , , , 
3/13/2023,150,50, , , , 
3/14/2023,139,50, , , , 
3/15/2023,138,47, , , , 
3/16/2023,134,44, , , , 
3/17/2023,113,52, , , , 
3/18/2023,131,53, , , , 
3/19/2023,140,45, , , , 
3/20/2023,119,54, , , , 
3/21/2023,151,62, , , , 
3/22/2023,155,63, , , , 
3/23/2023,157,64, , , , 
3/24/2023,157,77, , , , 
3/25/2023,174,82, , , , 
3/26/2023,185,81, , , , 
3/27/2023,181,76, , , , 
3/28/2023,167,108, , , , 
3/29/2023,215,102, , , , 
3/30/2023,207,123, , , , 
3/31/2023,245,137, , , , 
10/1/2022,37,14, , , , 
10/2/2022,38,17, , , , 
10/3/2022,42,18, , , , 
10/4/2022,38,21, , , , 
10/5/2022,47,23, , , , 
10/6/2022,55,23, , , , 
10/7/2022,55,21, , , , 
10/8/2022,50,21, , , , 
10/9/2022,53,18, , , , 
10/10/2022,48,21, , , , 
10/11/2022,50,28, , , , 
10/12/2022,62,27, , , , 
10/13/2022,64,24, , , , 
10/14/2022,63,28, , , , 
10/15/2022,66,31, , , , 
10/16/2022,79,40, , , , 
10/17/2022,95,41, , , , 
10/18/2022,95,37, , , , 
10/19/2022,82,40, , , , 
10/20/2022,85,36, , , , 
10/21/2022,85,26, , , , 
10/22/2022,64,20, , , , 
10/23/2022,56,30, , , , 
10/24/2022,74,43, , , , 
10/25/2022,101,40, , , , 
10/26/2022,90,33, , , , 
10/27/2022,78,29, , , , 
10/28/2022,65,28, , , , 
10/29/2022,66,32, , , , 
10/30/2022,71,37, , , , 
10/31/2022,79,38, , , , 
11/1/2022,83,39, , , , 
11/2/2022,85,37, , , , 
11/3/2022,82,34, , , , 
11/4/2022,80,35, , , , 
11/5/2022,85,36, , , , 
11/6/2022,86,39, , , , 
11/7/2022,86,40, , , , 
11/8/2022,90,43, , , , 
11/9/2022,98,40, , , , 
11/10/2022,92,40, , , , 
11/11/2022,83,37, , , , 
11/12/2022,87,34, , , , 
11/13/2022,79,34, , , , 
11/14/2022,75,29, , , , 
11/15/2022,69,23, , , , 
11/16/2022,60,26, , , , 
11/17/2022,55,22, , , , 
11/18/2022,58,25, , , , 
11/19/2022,60,27, , , , 
11/20/2022,65,28, , , , 
11/21/2022,63,29, , , , 
11/22/2022,67,27, , , , 
11/23/2022,61,30, , , , 
11/24/2022,74,31, , , , 
11/25/2022,67,28, , , , 
11/26/2022,68,28, , , , 
11/27/2022,65,31, , , , 
11/28/2022,65,28, , ,1, 
11/29/2022,61,29, , , , 
11/30/2022,63,32, , , , 
12/1/2022,60,29, , , , 
12/2/2022,60,32, , , , 
12/3/2022,57,31, , , , 
12/4/2022,64,27, , , , 
12/5/2022,53,32, , , , 
12/6/2022,63,32, , , , 
12/7/2022,65,38, , , , 
12/8/2022,66,38, , , , 
12/9/2022,68,32, , , , 
12/10/2022,69,25, , , , 
12/11/2022,45,30, , , , 
12/12/2022,66,42, , , , 
12/13/2022,82,47, , , , 
12/14/2022,89,50, , , , 
12/15/2022,99,48, , , , 
12/16/2022,104,41, , , , 
12/17/2022,99,38, , , , 
12/18/2022,95,40, , , , 
12/19/2022,84,51, , , , 
12/20/2022,100,44, , , , 
12/21/2022,113,48, , , , 
12/22/2022,103,37, , , , 
12/23/2022,95,44, , , , 
12/24/2022,107,47, , , , 
12/25/2022,122,48, , , , 
12/26/2022,107,47, , , , 
12/27/2022,100,46, , , , 
12/28/2022,99,40, , , , 
12/29/2022,104,37, , , , 
12/30/2022,98,34, , , , 
12/31/2022,93,38, , , , 
1/1/2023,99,30, , , , 
7/1/2022,44,22, , , , 
7/2/2022,47,21, , , , 
7/3/2022,46,25, , , , 
7/4/2022,46,22, , , , 
7/5/2022,45,23, ,1, , 
7/6/2022,44,19, , , , 
7/7/2022,38,23, ,1, , 
7/8/2022,45,21, , , , 
7/9/2022,43,18, , , , 
7/10/2022,44,23, ,1, , 
7/11/2022,47,22, , , , 
7/12/2022,42,21, , , , 
7/13/2022,50,19, , , , 
7/14/2022,43,16, , , , 
7/15/2022,42,21, , , , 
7/16/2022,46,21, , , , 
7/17/2022,46,26, , , , 
7/18/2022,52,31, ,1, , 
7/19/2022,62,21, , , , 
7/20/2022,49,24, , , , 
7/21/2022,49,18, , , , 
7/22/2022,41,18, , , , 
7/23/2022,31,19, , , , 
7/24/2022,35,25, , , , 
7/25/2022,48,27, , , , 
7/26/2022,54,30, ,1, , 
7/27/2022,58,29, ,1, , 
7/28/2022,61,29, , , , 
7/29/2022,64,35, , , , 
7/30/2022,70,21, , , , 
7/31/2022,40,24, , , , 
8/1/2022,51,22, , , , 
8/2/2022,50,20, ,1, , 
8/3/2022,35,20, , , , 
8/4/2022,36,22, , , , 
8/5/2022,46,19, , , , 
8/6/2022,39,19, , , , 
8/7/2022,41,18, , , , 
8/8/2022,39,18, , , , 
8/9/2022,34,22, , , , 
8/10/2022,43,24, , , , 
8/11/2022,44,17, , , , 
8/12/2022,41,21, , , , 
8/13/2022,38,30, , , , 
8/14/2022,48,26, , , , 
8/15/2022,50,19, , , , 
8/16/2022,39,17, , , , 
8/17/2022,41,17, , , , 
8/18/2022,45,25, , , , 
8/19/2022,51,29, , , , 
8/20/2022,59,28, , , , 
8/21/2022,60,21, , , , 
8/22/2022,49,19, , ,1, 
8/23/2022,26,24, , , , 
8/24/2022,51,21, , , , 
8/25/2022,52,27, , , , 
8/26/2022,60,19, , , , 
8/27/2022,46,19, , , , 
8/28/2022,47,28, ,1, , 
8/29/2022,60,30, , , , 
8/30/2022,62,29, , , , 
8/31/2022,62,27, , , , 
9/1/2022,61,29, , , , 
9/2/2022,63,28, , , , 
9/3/2022,63,24, , , , 
9/4/2022,57,25, , , , 
9/5/2022,59,25, , , , 
9/6/2022,55,28, ,5, , 
9/7/2022,60,38, ,5, , 
9/8/2022,87,21, , , , 
9/9/2022,48,15, , , , 
9/10/2022,42,15, , , , 
9/11/2022,41,18, , , , 
9/12/2022,47,21, , , , 
9/13/2022,50,22, , , , 
9/14/2022,48,24, , , , 
9/15/2022,46,21, , , , 
9/16/2022,46,20, , , , 
9/17/2022,44,18, , , , 
9/18/2022,44,19, , , , 
9/19/2022,42,23, , , , 
9/20/2022,51,21, , , , 
9/21/2022,49,23, , , , 
9/22/2022,57,21, , , , 
9/23/2022,53,18, , , , 
9/24/2022,46,16, , , , 
9/25/2022,40,15, , , , 
9/26/2022,38,18, , , , 
9/27/2022,42,29, , , , 
9/28/2022,62,29, , , , 
9/29/2022,72,26, , , , 
9/30/2022,63,15, , , , 
4/1/2022,129,28,11,1, , 
4/2/2022,64,20,18,1, , 
4/3/2022,47,31,27,1, , 
4/4/2022,68,42,29,1, , 
4/5/2022,95,51,20,3, , 
4/6/2022,112,56,14,2, , 
4/7/2022,142,70,22,3, , 
4/8/2022,156,71,30,2, , 
4/9/2022,159,59,30,3,6, 
4/10/2022,133,59,28,5, , 
4/11/2022,131,61,28,3, , 
4/12/2022,139,67,35,2, , 
4/13/2022,152,75,27,2, , 
4/14/2022,160,63,27,2, , 
4/15/2022,143,67,28,1, , 
4/16/2022,149,62,28, , , 
4/17/2022,148,54,32,1, , 
4/18/2022,122,29,28, , , 
4/19/2022,65,36,21, , , 
4/20/2022,72,33,23, , , 
4/21/2022,70,48,28,1, , 
4/22/2022,90,51,24,4, , 
4/23/2022,100,54,24,3, , 
4/24/2022,108,54,37,1, , 
4/25/2022,113,59,28,1, , 
4/26/2022,128,56,28, , , 
4/27/2022,116,64,34,1, , 
4/28/2022,144,48,27, , , 
4/29/2022,102,46,31, , , 
4/30/2022,102,37,31, , , 
5/1/2022,82,34,25, , , 
5/2/2022,74,32,22, , , 
5/3/2022,67,40,28,2, , 
5/4/2022,80,44,30, ,5, 
5/5/2022,96,42,26,1, , 
5/6/2022,92,25,18,2, , 
5/7/2022,49,25,15, , , 
5/8/2022,47,24,17,1, , 
5/9/2022,45,23,14, , , 
5/10/2022,50,22,12, , , 
5/11/2022,39,27,13,2, , 
5/12/2022,47,39,15, , , 
5/13/2022,69,31,11, , , 
5/14/2022,62,36,15, , , 
5/15/2022,67,40,18, , , 
5/16/2022,70,25, , , , 
5/17/2022,59,22, ,1, , 
5/18/2022,50,27, , , , 
5/19/2022,50,23,1, , , 
5/20/2022,49,17,1,1, , 
5/21/2022,40,33,11, , , 
5/22/2022,63,40,11, , , 
5/23/2022,73,28,9, , , 
5/24/2022,56,34,17, , , 
5/25/2022,66,47,13,1, , 
5/26/2022,84,43,12,1, , 
5/27/2022,77,49,15, , , 
5/28/2022,85,47,14,1, , 
5/29/2022,84,47,14, , , 
5/30/2022,82,35,11, , , 
5/31/2022,71,28,8, , , 
6/1/2022,61,39,6, , , 
6/2/2022,70,37,7, , , 
6/3/2022,72,22,6, , , 
6/4/2022,52,20,4, , , 
6/5/2022,46,21,3, , , 
6/6/2022,48,20,3, , , 
6/7/2022,44,19,1, , , 
6/8/2022,41,23,1, , , 
6/9/2022,50,32,2, , , 
6/10/2022,61,30,1, , , 
6/11/2022,60,25,3, , , 
6/12/2022,55,29,4, , , 
6/13/2022,64,41,4, , , 
6/14/2022,77,34, , , , 
6/15/2022,72,28, , , , 
6/16/2022,62,24, , , , 
6/17/2022,51,26, , , , 
6/18/2022,48,25, , , , 
6/19/2022,54,25, , , , 
6/20/2022,50,24, ,1, , 
6/21/2022,44,22, , , , 
6/22/2022,49,24, , , , 
6/23/2022,51,21, , , , 
6/24/2022,49,26, ,3, , 
6/25/2022,53,19, , , , 
6/26/2022,45,21, , , , 
6/27/2022,46,21, , , , 
6/28/2022,41,23, , , , 
6/29/2022,44,20, , , , 
6/30/2022,48,20, ,1, , 
1/3/2022,74,36,25,3, , 
1/4/2022,73,35,23,3, , 
1/5/2022,71,35,23,3, , 
1/6/2022,67,38,23,2, , 
1/7/2022,73,39,24,2, , 
1/8/2022,81,36,22,2, , 
1/9/2022,69,37,23,3, , 
1/10/2022,72,35,21,3, , 
1/11/2022,69,45,27,3, , 
1/12/2022,85,51,25,3, , 
1/13/2022,97,50,27,4, , 
1/14/2022,98,50,30,1, , 
1/15/2022,100,32,16, , , 
1/16/2022,77,27,19,2,6, 
1/17/2022,62,36,22,1, , 
1/18/2022,75,40,23,2, , 
1/19/2022,86,32,23,1, , 
1/20/2022,70,31,19,3, , 
1/21/2022,72,29,17,2, , 
1/22/2022,65,32,21,2, , 
1/23/2022,69,38,21,2, , 
1/24/2022,75,35,21,3, , 
1/25/2022,70,36,21,3, , 
1/26/2022,72,38,22,4, , 
1/27/2022,73,37,23,4, , 
1/28/2022,74,32,19,2, , 
1/29/2022,68,40,23,2, , 
1/30/2022,77,45,25,3, , 
1/31/2022,82,47,22,4, , 
2/1/2022,86,42,20,3, , 
2/2/2022,76,39,23,3, , 
2/3/2022,75,41,24,2, , 
2/4/2022,87,36,19,1, , 
2/5/2022,83,40,18,1, , 
2/6/2022,70,30,16,2, , 
2/7/2022,64,31,24,3, , 
2/8/2022,62,36,23,3, , 
2/9/2022,70,35,25,3, , 
2/10/2022,70,40,28,3, , 
2/11/2022,84,42,29,4, , 
2/12/2022,90,45,28,3, , 
2/13/2022,95,51,30,2, , 
2/14/2022,102,49,27,1, , 
2/15/2022,113,39,25,1, , 
2/16/2022,86,45,20,2, , 
2/17/2022,92,41, ,1, , 
2/18/2022,82,29, ,1, , 
2/19/2022,66,36,2,1, , 
2/20/2022,68,42,10,1, , 
2/21/2022,85,47,5, , , 
2/22/2022,96,50,8,2, , 
2/23/2022,101,48,10,1, , 
2/24/2022,100,46,12,1, , 
2/25/2022,99,53,19,2, , 
2/26/2022,118,57,16,3, , 
2/27/2022,135,62,15,3, , 
2/28/2022,143,62,15,3, , 
3/1/2022,149,64,19,5, , 
3/2/2022,147,64,18,4, , 
3/3/2022,148,68,22,2, , 
3/4/2022,153,64,18,2, , 
3/5/2022,144,56,15,2, , 
3/6/2022,120,61,11,3, , 
3/7/2022,129,38,6,1, , 
3/8/2022,82,44,13, , , 
3/9/2022,84,52,11,1, , 
3/10/2022,109,53,11,2, , 
3/11/2022,115,51,10,2, , 
3/12/2022,114,54,10,2, , 
3/13/2022,116,56,10,1, , 
3/14/2022,127,48,9,2, , 
3/15/2022,103,56,13,3, , 
3/16/2022,119,60,12,2, , 
3/17/2022,137,61, ,1, , 
3/18/2022,151,57, ,3, , 
3/19/2022,131,51, ,2, , 
3/20/2022,113,38, ,1, , 
3/21/2022,79,30,9,1, , 
3/22/2022,66,24,10,1, , 
3/23/2022,53,34,12,2, , 
3/24/2022,74,50,23,2, , 
3/25/2022,98,55,28,1, , 
3/26/2022,114,62,29,2, , 
3/27/2022,137,64,28,1, , 
3/28/2022,143,61,22,1, , 
3/29/2022,133,59,28,1, , 
3/30/2022,136,64,32,3, , 
3/31/2022,144,55,27,3, , 
10/1/2021,57,26,13, , , 
10/2/2021,52,23,18, , , 
10/3/2021,51,26,16, , , 
10/4/2021,55,27,18, , , 
10/5/2021,59,27,15, , , 
10/6/2021,57,27,18, , , 
10/7/2021,60,31,24, , , 
10/8/2021,65,38,26, , , 
10/9/2021,74,34,18, , , 
10/10/2021,76,23,10, , , 
10/11/2021,55,19,8, , , 
10/12/2021,45,22,10, , , 
10/13/2021,47,27,11, , , 
10/14/2021,61,20,10, , , 
10/15/2021,49,15,7, , , 
10/16/2021,36,16,9, , , 
10/17/2021,40,23,12, , , 
10/18/2021,48,21, , , , 
10/19/2021,51,26, , , , 
10/20/2021,56,24, , , , 
10/21/2021,50,20, , , , 
10/22/2021,43,20,4, , , 
10/23/2021,36,19,7, , , 
10/24/2021,41,26,9, , , 
10/25/2021,54,30,11, , , 
10/26/2021,64,35,15, , , 
10/27/2021,73,24, , , , 
10/28/2021,54,27,4, , , 
10/29/2021,64,24,5, , , 
10/30/2021,56,24,9, , , 
10/31/2021,52,22,5, , , 
11/1/2021,47,20,9, , , 
11/2/2021,47,24,10, , , 
11/3/2021,55,30,4, , , 
11/4/2021,59,29,12, , , 
11/5/2021,61,30,12, , , 
11/6/2021,63,29,15, , , 
11/7/2021,64,35,12, , , 
11/8/2021,66,34,15, , , 
11/9/2021,74,32,18, , , 
11/10/2021,67,31,19, , , 
11/11/2021,67,31,19, , , 
11/12/2021,67,29,19, , , 
11/13/2021,65,34,20,2, , 
11/14/2021,69,37,4,1, , 
11/15/2021,71,35,20, , , 
11/16/2021,75,35,25, , , 
11/17/2021,75,36,23, , , 
11/18/2021,77,38,22, ,1, 
11/19/2021,84,35,18, , , 
11/20/2021,79,26,18, , , 
11/21/2021,60,33,22, , , 
11/22/2021,69,35,20,1, , 
11/23/2021,71,29,17,1, , 
11/24/2021,63,33,17,1, , 
11/25/2021,69,36,24,2, , 
11/26/2021,77,28,16, , , 
11/27/2021,69,23,12,1, , 
11/28/2021,57,32,11,2, , 
11/29/2021,69,27,15,1, , 
11/30/2021,67,33,14,2,8, 
12/1/2021,68,35,15,1, , 
12/2/2021,79,34,15,1, , 
12/3/2021,76,36,19,1, , 
12/4/2021,80,37,19,3, , 
12/5/2021,83,39,23,3, , 
12/6/2021,88,48,26,5, , 
12/7/2021,110,49,23,5, , 
12/8/2021,109,44,24,4, , 
12/9/2021,93,34,24,3, , 
12/10/2021,76,35,25,2, , 
12/11/2021,77,36,22, , , 
12/12/2021,80,41,22, , , 
12/13/2021,82,39,21, , , 
12/14/2021,78,41,22, , , 
12/15/2021,83,38,19, , , 
12/16/2021,78,34,18, , , 
12/17/2021,72,37,21, , , 
12/18/2021,80,39,16, , , 
12/19/2021,90,44,19,3, , 
12/20/2021,94,48,24,2, , 
12/21/2021,101,47,25,4, , 
12/22/2021,95,47,24,2, , 
12/23/2021,97,49,24,1, , 
12/24/2021,99,50,28,2, , 
12/25/2021,107,51,23,2, , 
12/26/2021,107,46,22,1, , 
12/27/2021,90,40,25,1, , 
12/28/2021,80,35,26,2, , 
12/29/2021,69,33,19,3, , 
12/30/2021,69,31,25,1, , 
12/31/2021,70,39,27,1, , 
1/1/2022,89,34,27,2, , 
1/2/2022,78,35,27,2, , 
7/1/2021,51,21,11,1,1, 
7/2/2021,48,23,16,1, , 
7/3/2021,50,22,18,1, , 
7/4/2021,52,24,16,2, , 
7/5/2021,52,22,7,1, , 
7/6/2021,50,18,12,2, , 
7/7/2021,46,23,16,2, , 
7/8/2021,53,20,14,2, , 
7/9/2021,48,26,14,1,1, 
7/10/2021,47,19,13, , , 
7/11/2021,42,19,13, , , 
7/12/2021,44,21,18, , , 
7/13/2021,43,20,24, , , 
7/14/2021,41,24,13, , , 
7/15/2021,52,20,15, , , 
7/16/2021,51,21,18, , , 
7/17/2021,50,21,15, , , 
7/18/2021,47,22,11, , , 
7/19/2021,48,18,8, , , 
7/20/2021,49,21,12, , , 
7/21/2021,46,19,11, , , 
7/22/2021,46,24,12, , , 
7/23/2021,50,24,10, , , 
7/24/2021,55,28,12, , , 
7/25/2021,63,26,11, , , 
7/26/2021,60,27,12, , , 
7/27/2021,59,25,10, , , 
7/28/2021,59,32,12, , , 
7/29/2021,64,33,16, , , 
7/30/2021,65,28,12, , , 
7/31/2021,61,30,8, , , 
8/1/2021,62,34,9, , , 
8/2/2021,66,29,12, , , 
8/3/2021,61,28,15, , , 
8/4/2021,58,26,12, , , 
8/5/2021,53,25,11, , , 
8/6/2021,55,30,14, , , 
8/7/2021,61,33,15, , , 
8/8/2021,61,33,17, , , 
8/9/2021,64,40,17, , , 
8/10/2021,74,30,8, , , 
8/11/2021,65,34,16, , , 
8/12/2021,63,28,11, , , 
8/13/2021,56,19,12, , , 
8/14/2021,49,20,12, , , 
8/15/2021,48,20,7, , , 
8/16/2021,45,22,11, , , 
8/17/2021,51,24,15, , , 
8/18/2021,57,26,10, , , 
8/19/2021,54,24,12, , , 
8/20/2021,51,26,16, , , 
8/21/2021,55,25,20, , , 
8/22/2021,51,27,20, , , 
8/23/2021,55,25,19, , , 
8/24/2021,53,19,19, , , 
8/25/2021,44,24,20, ,1, 
8/26/2021,51,22,18, , , 
8/27/2021,44,21,18, , , 
8/28/2021,50,20,17, , , 
8/29/2021,45,24,23, , , 
8/30/2021,50,24,20, , , 
8/31/2021,54,26,22, , , 
9/1/2021,60,27,20, , , 
9/2/2021,62,27,15, , , 
9/3/2021,62,20,14, , , 
9/4/2021,45,15,5, , , 
9/5/2021,39,23,11, , , 
9/6/2021,47,23,11, , , 
9/7/2021,45,21,17, , , 
9/8/2021,53,22,11, , , 
9/9/2021,53,17,8, , , 
9/10/2021,43,21,18, , , 
9/11/2021,46,21,16, , , 
9/12/2021,46,26,20, , , 
9/13/2021,52,23,12, , , 
9/14/2021,61,22,13, , , 
9/15/2021,55,20,9, , , 
9/16/2021,46,19,10, , , 
9/17/2021,45,22,13, , , 
9/18/2021,48,25,17, ,1, 
9/19/2021,54,24,12, , , 
9/20/2021,51,25,12, , , 
9/21/2021,53,19,11, , , 
9/22/2021,44,20,9, , , 
9/23/2021,45,22,11, , , 
9/24/2021,45,24,9, , , 
9/25/2021,51,14,7, ,1, 
9/26/2021,24,18,9, ,5, 
9/27/2021,44,22,12, ,2, 
9/28/2021,40,28,13, , , 
9/29/2021,55,29,21, , , 
9/30/2021,58,27,13, , , 
4/1/2021,169,102,41,5, , 
4/2/2021,183,98,36,5, , 
4/3/2021,179,74,17,3, , 
4/4/2021,167,70,16,3, , 
4/5/2021,162,24,17,1, , 
4/6/2021,62,30,21,1, , 
4/7/2021,64,34,24,3, , 
4/8/2021,68,46,28,3, , 
4/9/2021,89,40, ,1, , 
4/10/2021,83,29,2, , , 
4/11/2021,65,35,27,1, , 
4/12/2021,73,34,23,1, , 
4/13/2021,76,38,25,1, , 
4/14/2021,81,41,24,1, , 
4/15/2021,88,47,26,1, , 
4/16/2021,101,35,28, , , 
4/17/2021,79,21,18, , , 
4/18/2021,52,34,24,1, , 
4/19/2021,66,43,26,2, , 
4/20/2021,82,50,31,2, , 
4/21/2021,101,58,35,2, , 
4/22/2021,126,61,31,2, , 
4/23/2021,141,65,39,3, , 
4/24/2021,148,50,28,1, , 
4/25/2021,109,43,31,2, , 
4/26/2021,90,33,25,1, , 
4/27/2021,74,27,17,1, , 
4/28/2021,63,25,20,1, , 
4/29/2021,57,23,21,1, , 
4/30/2021,54,23,13,1, , 
5/1/2021,58,31,20,1, , 
5/2/2021,64,30,19,1, , 
5/3/2021,65,33,20,1, , 
5/4/2021,77,35,21,1, , 
5/5/2021,77,35,22,1, , 
5/6/2021,75,31,26,1, , 
5/7/2021,65,33,19,1, , 
5/8/2021,74,28,23, , , 
5/9/2021,66,32,21,1, , 
5/10/2021,73,29,23,1, , 
5/11/2021,61,28,18,1, , 
5/12/2021,66,28,20,2, , 
5/13/2021,62,32,22,2, , 
5/14/2021,69,38,27,1, , 
5/15/2021,84,40,23,1, , 
5/16/2021,84,47,28,2, , 
5/17/2021,97,41,22,2, , 
5/18/2021,88,39,25,1, , 
5/19/2021,81,40,24,1, , 
5/20/2021,78,34,7,1, , 
5/21/2021,76,34,23,1, , 
5/22/2021,75,24,20,1, , 
5/23/2021,54,20,19,1, , 
5/24/2021,45,24,17,1, , 
5/25/2021,57,29,21,1, , 
5/26/2021,67,34,32,1, , 
5/27/2021,74,31,20,1, , 
5/28/2021,73,27,21, , , 
5/29/2021,62,20,18, , , 
5/30/2021,51,21,17,1, , 
5/31/2021,51,28,22,1, , 
6/1/2021,57,39,22,1, , 
6/2/2021,76,45,26,2, , 
6/3/2021,85,40,19,1, , 
6/4/2021,85,23,24,2, , 
6/5/2021,57,29,18,1, , 
6/6/2021,64,27,22,1, , 
6/7/2021,63,28,18,1, , 
6/8/2021,62,19,10,1,1, 
6/9/2021,45,22,13, , , 
6/10/2021,43,22,16,1, , 
6/11/2021,49,22,15,1, , 
6/12/2021,50,25,16,1, , 
6/13/2021,59,22,8,4, , 
6/14/2021,54,20,11,1, , 
6/15/2021,48,21,12,1, , 
6/16/2021,45,22,13, , , 
6/17/2021,47,23,15,1, , 
6/18/2021,51,24,17,1, , 
6/19/2021,53,30,16,1, , 
6/20/2021,63,44,18,2, , 
6/21/2021,74,30,17,2, , 
6/22/2021,62,29,17,1, , 
6/23/2021,61,25,16,2, , 
6/24/2021,53,27,35,3, , 
6/25/2021,60,22,15,1, , 
6/26/2021,54,27,16,1, , 
6/27/2021,56,22,8,2, , 
6/28/2021,49,25,12,2, , 
6/29/2021,57,27,10,2, , 
6/30/2021,56,27,11,2, , 
1/4/2021,121,57,26,7, , 
1/5/2021,130,54,22,7, , 
1/6/2021,106,49,22,6, , 
1/7/2021,93,52,24,4, , 
1/8/2021,106,49,21,3, , 
1/9/2021,101,52,27,2, , 
1/10/2021,105,56,31,4, , 
1/11/2021,128,118,13,1, , 
1/12/2021,162,45,14,4, , 
1/13/2021,88,52,20,5, , 
1/14/2021,115,60,21,6, , 
1/15/2021,145,55,19,5, , 
1/16/2021,134,54,29,3, , 
1/17/2021,128,63,23,5, , 
1/18/2021,141,56,23,6, , 
1/19/2021,125,63,24,7, , 
1/20/2021,145,63,23,8, , 
1/21/2021,147,61,24,7, , 
1/22/2021,147,63,24,6, , 
1/23/2021,149,64,22,6, , 
1/24/2021,146,61,22,7, , 
1/25/2021,138,60,24,7, , 
1/26/2021,133,65,26,7, , 
1/27/2021,144,62,25,6, , 
1/28/2021,132,67,25,4, , 
1/29/2021,150,55,24,3, , 
1/30/2021,132,48,22,4, , 
1/31/2021,111,52,19,7, , 
2/1/2021,122,45,19,7, , 
2/2/2021,96,41,19,7, , 
2/3/2021,85,53,24,7, , 
2/4/2021,114,64,26,8, , 
2/5/2021,148,103,28,7, , 
2/6/2021,185,70,27,4, , 
2/7/2021,157,53,17,2, , 
2/8/2021,133,26,14,2, , 
2/9/2021,63,30,16,3, , 
2/10/2021,66,38,23,5, , 
2/11/2021,74,46,25,6, , 
2/12/2021,95,54,23,7, , 
2/13/2021,116,53,24,6, , 
2/14/2021,123,62,25,6, , 
2/15/2021,138,62,23,6, , 
2/16/2021,137,62,30,3, , 
2/17/2021,132,68,27,6, , 
2/18/2021,152,59,27,5, , 
2/19/2021,130,53,26,4, , 
2/20/2021,114,54,26,4, , 
2/21/2021,120,54,21,4, , 
2/22/2021,108,59,22,6, , 
2/23/2021,133,70,28,5,1, 
2/24/2021,154,68,29,7, , 
2/25/2021,135,60,34,8, , 
2/26/2021,138,75,32,7, , 
2/27/2021,160,81,31,6, , 
2/28/2021,163,82,27,8, , 
3/1/2021,158,81,28,10, , 
3/2/2021,158,88,28,14, , 
3/3/2021,174,75,26,8, , 
3/4/2021,157,66,29,9, , 
3/5/2021,142,80,35,8, , 
3/6/2021,170,96,39,9, , 
3/7/2021,192,93,32,12, , 
3/8/2021,183,100,29,11, , 
3/9/2021,180,103,26,13, , 
3/10/2021,183,108,25,12, , 
3/11/2021,192,88,26,11, , 
3/12/2021,176,92,31,7, , 
3/13/2021,179,84,30,5, , 
3/14/2021,172,82,30,9, , 
3/15/2021,161,72,34,10, , 
3/16/2021,156,73,33,10, , 
3/17/2021,157,75,37,10, , 
3/18/2021,162,74,31,11, , 
3/19/2021,160,74,36,10, , 
3/20/2021,158,67,30,8, , 
3/21/2021,147,69,27,5, , 
3/22/2021,144,54,25,2, , 
3/23/2021,112,56,30,3, , 
3/24/2021,124,68,33,2, , 
3/25/2021,147,65,29,3, , 
3/26/2021,147,69,36,4, , 
3/27/2021,151,70,30,1, , 
3/28/2021,158,73,35,2, , 
3/29/2021,159,93,30,3, , 
3/30/2021,170,96,36,6, , 
3/31/2021,172,93,38,8, , 
12/18/2020,86,40,19,5, , 
12/19/2020,83,33,20,5, , 
12/20/2020,71,31,14,3, , 
12/21/2020,59,35,10,1, , 
12/22/2020,71,42,11,4, , 
12/23/2020,78,48,12,5, , 
12/24/2020,88,58,15,7, , 
12/25/2020,93,46,18,8, , 
12/26/2020,97,43,21,7, , 
12/27/2020,87,50,21,6, , 
12/28/2020,74,41,15,5, , 
12/29/2020,67,48,17,6, , 
12/30/2020,81,43,17,7, , 
12/31/2020,84,44,22,3, , 
1/1/2021,94,43,15,4, , 
1/2/2021,90,48,16,4, , 
1/3/2021,108,54,22,6, , 
7/1/2020,47,22,10,2, , 
7/2/2020,47,44,11,1, , 
7/3/2020,46,27,9,1, , 
7/4/2020,47,20,11,1, , 
7/5/2020,46,21,18,1, , 
7/6/2020,48,27,15,2, , 
7/7/2020,61,20,14,2, , 
7/8/2020,46,22,12,2, , 
7/9/2020,48,25,14,3, , 
7/10/2020,54,23,12,2, , 
7/11/2020,54,22,12,2, , 
7/12/2020,54,21,11,3, , 
7/13/2020,52,21,10,2, , 
7/14/2020,43,24,14,2, , 
7/15/2020,48,23,13,2, , 
7/16/2020,51,20,10,1, , 
7/17/2020,48,21,11,2,1, 
7/18/2020,48,24,9,2, , 
7/19/2020,52,66,17,3, , 
7/20/2020,86,23,6,2, , 
7/21/2020,60,24,13,2, , 
7/22/2020,52,22,13,1, , 
7/23/2020,47,27,22,4, , 
7/24/2020,52,28,23,2, , 
7/25/2020,56,31,19,2, , 
7/26/2020,68,29,17,2, , 
7/27/2020,63,18,11,1, , 
7/28/2020,44,25,8,3, , 
7/29/2020,51,27,12,3, , 
7/30/2020,52,26,13,3, , 
7/31/2020,55,24,13,2, , 
8/1/2020,56,27,3,4, , 
8/2/2020,62,18,3,3, , 
8/3/2020,50,17,5,3, , 
8/4/2020,46,19,7,2, , 
8/5/2020,42,29,13,3, , 
8/6/2020,56,30,13,2,8, 
8/7/2020,60,21,11, ,1, 
8/8/2020,47,23,13,1,1, 
8/9/2020,50,31,12,3, , 
8/10/2020,59,26,11,1, , 
8/11/2020,57,26,13,1, , 
8/12/2020,52,63,10,2, , 
8/13/2020,89,42,7,2, , 
8/14/2020,71,24,5,2, , 
8/15/2020,54,27,11,1, , 
8/16/2020,60,33,9,3,12, 
8/17/2020,63,30,6,2, , 
8/18/2020,62,33,11,2, , 
8/19/2020,68,31,8,2, , 
8/20/2020,62,26,6,3, , 
8/21/2020,57,20,5,1, , 
8/22/2020,45,17,6,1, , 
8/23/2020,43,26,5,1, , 
8/24/2020,56,35,11,2, , 
8/25/2020,69,28,13,2, , 
8/26/2020,63,25,6,2, , 
8/27/2020,52,29,14,2, , 
8/28/2020,63,25,12, , , 
8/29/2020,59,25,16,2, , 
8/30/2020,58,34,15,3, , 
8/31/2020,68,30,8,4, , 
9/1/2020,66,35, ,2, , 
9/2/2020,69,38,13,3, , 
9/3/2020,77,37,15,3, , 
9/4/2020,85,34,16,2, , 
9/5/2020,77,30,16,2, , 
9/6/2020,65,28,10,2, , 
9/7/2020,63,27,9,2, , 
9/8/2020,60,18,11,1, , 
9/9/2020,46,37,12,2, , 
9/10/2020,86,62, ,1, , 
9/11/2020,74,20,12,1,4, 
9/12/2020,43,24,12,1, , 
9/13/2020,57,32,12,1, , 
9/14/2020,66,23,10,1, , 
9/15/2020,55,28,13,2, , 
9/16/2020,56,26,14,1, , 
9/17/2020,88,26,6,2, , 
9/18/2020,47,21,7,1, , 
9/19/2020,54,14,6,1, , 
9/20/2020,39,19,7,2, , 
9/21/2020,46,23,10,2, , 
9/22/2020,54,24,9,1, , 
9/23/2020,45, , , , , 
9/25/2020,48, , , , , 
4/1/2020,169,88,32,6, , 
4/2/2020,175,88,31,6, , 
4/3/2020,173,104,32,7, , 
4/4/2020,200,115,30,6, , 
4/5/2020,213,105,31,5, , 
4/6/2020,191,83,26,5, , 
4/7/2020,164,89,34,7, , 
4/8/2020,171,81,26,7, , 
4/9/2020,157,70,26,5, , 
4/10/2020,156,80,33,7, , 
4/11/2020,165,83,32,5, , 
4/12/2020,169,71,27,5, , 
4/13/2020,152,53,29, ,1, 
4/14/2020,118,63,26, ,1, 
4/15/2020,135,61,30,7, , 
4/16/2020,135,63,29,6,1, 
4/17/2020,140,68,28,4, , 
4/18/2020,151,69,29,4, , 
4/19/2020,152,70,33,5, , 
4/20/2020,154,71,36,4, , 
4/21/2020,156,66,29,4,1, 
4/22/2020,144,61,27,3, , 
4/23/2020,133,59,21,2, , 
4/24/2020,125,50,21,2, , 
4/25/2020,111,36,21,1, , 
4/26/2020,71,22,16,2, , 
4/27/2020,56,24,19,2, , 
4/28/2020,54,22,14,2, , 
4/29/2020,57,28,20,2, , 
4/30/2020,65,32,14,1, , 
5/1/2020,70,26,21, , , 
5/2/2020,63,24,16,1, , 
5/3/2020,56,31,18,1, , 
5/4/2020,70,37,18,3, , 
5/5/2020,74,45,26,1, , 
5/6/2020,97,48,30,2, , 
5/7/2020,98,41,25,3, , 
5/8/2020,84,44,22,1, , 
5/9/2020,92,36,23,1, , 
5/10/2020,80,41,26,2, , 
5/11/2020,69,32,24,1, , 
5/12/2020,66,39,27,3,6, 
5/13/2020,77,34,25,3, , 
5/14/2020,71,35,27,3, , 
5/15/2020,77,37,29,2, , 
5/16/2020,76,46,25,3, , 
5/17/2020,97,44,24,2, , 
5/18/2020,93,32,13,2, , 
5/19/2020,68,34,15,1, , 
5/20/2020,67,34,16,1, , 
5/21/2020,73,53,27,3, , 
5/22/2020,99,61,27,3, , 
5/23/2020,124,66,25,2, , 
5/24/2020,127,65,25,3, , 
5/25/2020,120,59,25,3, , 
5/26/2020,107,50,20,3, , 
5/27/2020,87,36,17,3, , 
5/28/2020,66,27,21,3, , 
5/29/2020,57,25,17,1, , 
5/30/2020,53,24,18,2,1, 
5/31/2020,57,33,16,4, , 
6/1/2020,64,31,18,2, , 
6/2/2020,64,33,22,2, , 
6/3/2020,65,32,18,2, , 
6/4/2020,66,27,16,3, , 
6/5/2020,60,29,17,2, , 
6/6/2020,59,22,12,1, , 
6/7/2020,49,20,11,1, , 
6/8/2020,47,18,14,1, , 
6/9/2020,46,20,14,2, , 
6/10/2020,44,27,16,3, , 
6/11/2020,51,24,18,3, , 
6/12/2020,54,21,10,1, , 
6/13/2020,50,21,10,2, , 
6/14/2020,48,59,19,5,26, 
6/15/2020,86,22,13,2, , 
6/16/2020,48,21,8,2, , 
6/17/2020,49,21,7,3, , 
6/18/2020,47,26,10,3, , 
6/19/2020,49,24,14,1, , 
6/20/2020,48,22,13,1, , 
6/21/2020,50,24,19,2, , 
6/22/2020,51,22,10,2, , 
6/23/2020,40,25,12,3, , 
6/24/2020,51,24,10,2, , 
6/25/2020,49,23,8,2, , 
6/26/2020,49,18,10,1, , 
6/27/2020,49,20,12,1, , 
6/28/2020,44,23,15,3, , 
6/29/2020,50,23,12,2, , 
6/30/2020,52,21,7,3, , 
1/1/2020,94,33,16,8, , 
1/2/2020,74,39,20,9, , 
1/3/2020,81,46,22,11, , 
1/4/2020,104,64,23,11, , 
1/5/2020,149,52,19,11, , 
1/6/2020,113,46,17,10, , 
1/7/2020,92,62,27,11, , 
1/8/2020,136,65,26,12, , 
1/9/2020,152,65,22,15, , 
1/10/2020,131,53,16,11, , 
1/11/2020,106,56,20,13, , 
1/12/2020,110,81,24,16, , 
1/13/2020,170,59,22,14, , 
1/14/2020,134,52,22,14, , 
1/15/2020,104,45,19,11, , 
1/16/2020,95,50,18,13, , 
1/17/2020,112,58,23,16, , 
1/18/2020,141,57,23,12, , 
1/19/2020,118,68,23,15, , 
1/20/2020,134,76,25,15, , 
1/21/2020,145,73,22,13, , 
1/22/2020,110,56,21,15, , 
1/23/2020,91,59,19,15, , 
1/24/2020,103,55,24,12, , 
1/25/2020,105,65,25,15, , 
1/26/2020,125,65,27,17, , 
1/27/2020,122,67,25,18, , 
1/28/2020,138,63,23,15, , 
1/29/2020,127,70,25,16, , 
1/30/2020,141,75,24,17, , 
1/31/2020,158,67,24,15, , 
2/1/2020,143,58,21,10, , 
2/2/2020,115,62,21,14, , 
2/3/2020,105,67,24,15, , 
2/4/2020,121,61,21,14, , 
2/5/2020,111,63,25,16, , 
2/6/2020,122,74,23,15, , 
2/7/2020,121,61,27,16, , 
2/8/2020,132,73,30,12, , 
2/9/2020,155,66,26,13, , 
2/10/2020,142,64,26,13, , 
2/11/2020,129,61,22,12, , 
2/12/2020,119,58,19,12, , 
2/13/2020,112,59,18,10, , 
2/14/2020,102,65,31,13, , 
2/15/2020,134,84,33,15, , 
2/16/2020,165,100,36,23,1, 
2/17/2020,166,86,29,12, , 
2/18/2020,163,75,24,12, , 
2/19/2020,143,70,23,18, , 
2/20/2020,143,77,32,17, , 
2/21/2020,160,64,25,13, , 
2/22/2020,147,66,29,13, , 
2/23/2020,145,71,26,15, , 
2/24/2020,149,80,28,15, , 
2/25/2020,160,78,31,18, , 
2/26/2020,160,80,27,17, , 
2/27/2020,159,88,30,14, , 
2/28/2020,173,86,30,16, , 
2/29/2020,174,71,34,13, , 
3/1/2020,156,73,28,13, , 
3/2/2020,157,64,13,9, , 
3/3/2020,146,66,26,14, , 
3/4/2020,142,60,21,11, , 
3/5/2020,128,58,26,11, , 
3/6/2020,123,58,25,12, , 
3/7/2020,126,65,30,10, , 
3/8/2020,151,71,26,13, , 
3/9/2020,150,81,34,15, , 
3/10/2020,166,73,24,12, , 
3/11/2020,146,77,35,14,1, 
3/12/2020,152,115,37,20, , 
3/13/2020,192,131,39,21, , 
3/14/2020,234,119,34,10, , 
3/15/2020,221,70,29,12,1, 
3/16/2020,157,73,29,14, , 
3/17/2020,160,92,28,13, , 
3/18/2020,176,140,32,16, , 
3/19/2020,242,126,24,12, , 
3/20/2020,229,92,25,7, , 
3/21/2020,176,86,8,9, , 
3/22/2020,170,91,20,7, , 
3/23/2020,178,83,27,7, , 
3/24/2020,163,91,31,8, , 
3/25/2020,179,87,28,6, , 
3/26/2020,171,89,27,6, , 
3/27/2020,229,107,32,7, , 
3/28/2020,189,119,36,8,1, 
3/29/2020,208, , , , , 
10/1/2019,77,32,23,5, , 
10/2/2019,58,33,18,4, , 
10/3/2019,62,35,20,5, , 
10/4/2019,62,31,26,5, , 
10/5/2019,65,31,22,3, , 
10/6/2019,64,34,21,6, , 
10/7/2019,62,36,20,6, , 
10/8/2019,70,37,22,6, , 
10/9/2019,70,38,26,5, , 
10/10/2019,77,26,22,5, , 
10/11/2019,54,30,24,6, , 
10/12/2019,57,28,17,5, , 
10/13/2019,59,27,9,5, , 
10/14/2019,56,32,15,5, , 
10/15/2019,59,30,18,5, , 
10/16/2019,57,33,18,5, , 
10/17/2019,60,31,20,5, , 
10/18/2019,58,39,25,6, , 
10/19/2019,66,38,32,6, , 
10/20/2019,74,45,26,7, , 
10/21/2019,76,47,27,7, , 
10/22/2019,82,40,21,7, , 
10/23/2019,74,47,24,7, , 
10/24/2019,76,43,22,7, , 
10/25/2019,77,44,30,8, , 
10/26/2019,78,35,26,6, , 
10/27/2019,66,42,24,7, , 
10/28/2019,68,40,20,5,1, 
10/29/2019,64,35,16,5,1, 
10/30/2019,53,33,17,7, , 
10/31/2019,60,41,18,7, , 
11/1/2019,60,35,15,5, , 
11/2/2019,63,34,18,6, , 
11/3/2019,64,41,18,7, , 
11/4/2019,67,48,22,8, , 
11/5/2019,79,46,21,7, , 
11/6/2019,82,39,21,5, , 
11/7/2019,74,34,16,5, , 
11/8/2019,74,46,25,7, , 
11/9/2019,93,55,31,8, , 
11/10/2019,115,56,24,9, , 
11/11/2019,113,53,20,12, , 
11/12/2019,110,47,13,8, , 
11/13/2019,96,36,13,7, , 
11/14/2019,70,37,24,9, , 
11/15/2019,64,39,32,9, , 
11/16/2019,74,36,24,8, , 
11/17/2019,76,37,15,8, , 
11/18/2019,67,43,21,9, , 
11/19/2019,77,46,23,10, , 
11/20/2019,82,47,22,9, , 
11/21/2019,78,48,30,11, , 
11/22/2019,86,49,32,12, , 
11/23/2019,102,47,26,10, , 
11/24/2019,94,47,24,11, , 
11/25/2019,89,45,23,8, , 
11/26/2019,85,42,18,8, , 
11/27/2019,86,41,17,8, , 
11/28/2019,81,45,19,9, , 
11/29/2019,84,41,29,9, , 
11/30/2019,88,42,25,9, , 
12/1/2019,84,48,23,12, , 
12/2/2019,91,48,27,9, , 
12/3/2019,91,53,25,12, , 
12/4/2019,99,41,17,9, , 
12/5/2019,88,45,19,8, , 
12/6/2019,85,43,20,9, , 
12/7/2019,87,45,22,10, , 
12/8/2019,95,51,20,11, , 
12/9/2019,96,50,25,12, , 
12/10/2019,106,54,22,14, , 
12/11/2019,112,57,26,15, , 
12/12/2019,122,56,26,14, , 
12/13/2019,126,54,25,13, , 
12/14/2019,122,52,26,10, , 
12/15/2019,115,59,24,14, , 
12/16/2019,115,56,27,11, , 
12/17/2019,116,52,22,11, , 
12/18/2019,99,52,21,10, , 
12/19/2019,93,57,17,11, , 
12/20/2019,110,47,20,9, , 
12/21/2019,97,44,20,11, , 
12/22/2019,90,52,17,12, , 
12/23/2019,85,57,16,14, , 
12/24/2019,97,61,24,16, , 
12/25/2019,121,55,20,15, , 
12/26/2019,112,64,22,17, , 
12/27/2019,133,69,18,12, , 
12/28/2019,159,87,16,7, , 
12/29/2019,128, , , , , 
7/1/2019,57,42,10,6, , 
7/2/2019,74,39,13,5, , 
7/3/2019,68,42,11,6, , 
7/4/2019,68,26,11,4, , 
7/5/2019,46,23,13,2, , 
7/6/2019,50,25,12,2, , 
7/7/2019,53,33,8,4, , 
7/8/2019,58,35,12,4, , 
7/9/2019,58,37,10,4, , 
7/10/2019,60,38,12,3, , 
7/11/2019,60,40,15,4, , 
7/12/2019,59,28,13,2, , 
7/13/2019,57,24,12,2, , 
7/14/2019,49,28,19,3, , 
7/15/2019,52,24,17,2, , 
7/16/2019,56,32,19,3, , 
7/17/2019,52,37,17,3, , 
7/18/2019,56,26,23,3, , 
7/19/2019,56,30,26,3, , 
7/20/2019,56,23,15,2, , 
7/21/2019,48,28,12,3, , 
7/22/2019,46,25,9,4, , 
7/23/2019,48,24,4,3, , 
7/24/2019,50,31,14,2,1, 
7/25/2019,51,30,9,3,1, 
7/26/2019,52,28,3,3,1, 
7/27/2019,59,31,20,3,1, 
7/28/2019,54,28,15,4, , 
7/29/2019,52,29,14,6,1, 
7/30/2019,54,32,17,6,1, 
7/31/2019,61,26,8,4,1, 
8/1/2019,50,33,8,5, , 
8/2/2019,53,28,11,3, , 
8/3/2019,49,26,5,3,1, 
8/4/2019,59,56,3,4, , 
8/5/2019,42,24,7,4, , 
8/6/2019,48,25,10,4, , 
8/7/2019,53,30,14,5, , 
8/8/2019,53,31,7,5, , 
8/9/2019,61,28,6,5, , 
8/10/2019,57,25,9,3, , 
8/11/2019,49,27,10,2, , 
8/12/2019,58,33,12,4, , 
8/13/2019,64,37,7,5, , 
8/14/2019,67,39,14,5, , 
8/15/2019,67,31,7,5, , 
8/16/2019,59,33,5,4, , 
8/17/2019,66,34,11,3, , 
8/18/2019,61,31,14,4, , 
8/19/2019,53,29,12,4, , 
8/20/2019,54,29,10,5, , 
8/21/2019,53,25,7,5, , 
8/22/2019,47,23,12,5,37, 
8/23/2019,52,20,10,4, , 
8/24/2019,42,24,14,3, , 
8/25/2019,48,29,14,5, , 
8/26/2019,55,32,16,3, , 
8/27/2019,56,24,28,4, , 
8/28/2019,55,31,10,5, , 
8/29/2019,58,30,6,5, , 
8/30/2019,57,20,9,4, , 
8/31/2019,47,21,15,2, , 
9/1/2019,46,22,13,3, , 
9/2/2019,53,23,17,3, , 
9/3/2019,47,37,17,6, , 
9/4/2019,62,27,14,3, , 
9/5/2019,55,26,14,3, , 
9/6/2019,53,25,13,4, , 
9/7/2019,47,28,11,3, , 
9/8/2019,56,32,9,4, , 
9/9/2019,57,28,10,3, , 
9/10/2019,56,25,8,3, , 
9/11/2019,54,25,13,2, , 
9/12/2019,53,26,14,3, , 
9/13/2019,50,28,8,5, , 
9/14/2019,55,30,22,3, , 
9/15/2019,64,37,19,5, , 
9/16/2019,65,39,18,5,5, 
9/17/2019,66,29,25,4, , 
9/18/2019,62,26,20,5, , 
9/19/2019,57,32,16,5, , 
9/20/2019,60,32,18,4, , 
9/21/2019,64,31,14,5, , 
9/22/2019,63,38,15,6, , 
9/23/2019,73,43,23,5, , 
9/24/2019,86,47,22,6, , 
9/25/2019,94,47,21,4, , 
9/26/2019,96,41,15,6, , 
9/27/2019,85,46,20,6, , 
9/28/2019,90,49,23,6, , 
9/29/2019,101,50,30,6, , 
9/30/2019,101,42,21,4, , 
4/1/2019,215,115,31,17,1, 
4/2/2019,214,137,25,13, , 
4/3/2019,193,104,35,17,5, 
4/4/2019,189,105,37,18,1, 
4/5/2019,190,93,35,14, , 
4/6/2019,177,81,31,10, , 
4/7/2019,159,74,33,13, , 
4/8/2019,154,78,33,15, , 
4/9/2019,158,84,34,12, , 
4/10/2019,165,91,15,16, , 
4/11/2019,174,91,35,13, , 
4/12/2019,175,86,35,11, , 
4/13/2019,169,74,30,10, , 
4/14/2019,149,69,31,8, , 
4/15/2019,147,70,31,12, , 
4/16/2019,152,71,27,8, , 
4/17/2019,145,58,33,11,12, 
4/18/2019,125,67,27,10, , 
4/19/2019,145,73,31,11,1, 
4/20/2019,150,72,33,9,1, 
4/21/2019,151,58,29,8,1, 
4/22/2019,132,49,27,4, , 
4/23/2019,95,53,31,8, , 
4/24/2019,113,64,26,8, , 
4/25/2019,142,59,31,13, , 
4/26/2019,136,62,31,9, , 
4/27/2019,138,68,27,8, , 
4/28/2019,143,68,29,13, , 
4/29/2019,152,66,31,11, , 
4/30/2019,149,66,29,6, , 
5/1/2019,150,67,31,11, , 
5/2/2019,155,69,30,10, , 
5/3/2019,158,61,25,10, , 
5/4/2019,140,74,24,9, , 
5/5/2019,150,75,26,8, , 
5/6/2019,150,73,25,7, , 
5/7/2019,152,71,33,8, , 
5/8/2019,148,64,37,5, , 
5/9/2019,131,60,26,7, , 
5/10/2019,127,62,31,6, , 
5/11/2019,129,52,29,6, , 
5/12/2019,105,47,26,9, , 
5/13/2019,97,37,28,8, , 
5/14/2019,84,39,21,8, , 
5/15/2019,79,50,17,8, , 
5/16/2019,99,57,23,12, , 
5/17/2019,116,62,26,11, , 
5/18/2019,126,57,35,7, , 
5/19/2019,113,90,30,9,15, 
5/20/2019,142,51,24,6, , 
5/21/2019,98,31,24,6, , 
5/22/2019,62,36,20,7, , 
5/23/2019,67,47,26,7, , 
5/24/2019,85,46,24,5, , 
5/25/2019,89,43,24,6, , 
5/26/2019,82,44,26,7, , 
5/27/2019,82,40,23,5, , 
5/28/2019,77,33,19,4, , 
5/29/2019,67,25,15,5, , 
5/30/2019,54,28,12,6, , 
5/31/2019,59,32,17,7, , 
6/1/2019,58,33,17,6, , 
6/2/2019,63,23,15,5, , 
6/3/2019,48,29,18,7, , 
6/4/2019,53,28,16,6, , 
6/5/2019,56,100,16,5, , 
6/6/2019,119,31,16,5, , 
6/7/2019,58,26,21,5, , 
6/8/2019,60,27,19,3, , 
6/9/2019,59,24,15,4, , 
6/10/2019,45,22,18,4, , 
6/11/2019,47,26,15,5, , 
6/12/2019,56,28,16,5, , 
6/13/2019,55,27,17,4, , 
6/14/2019,55,33,17,4, , 
6/15/2019,67,25,13,3, , 
6/16/2019,57,28,13,3, , 
6/17/2019,52,30,13,4, , 
6/18/2019,57,30,15,4, , 
6/19/2019,57,35,11,3, , 
6/20/2019,58,31,15,5, , 
6/21/2019,59,34,14,4, , 
6/22/2019,63,31,20,3, , 
6/23/2019,65,35,17,3, , 
6/24/2019,67,33,13,4, , 
6/25/2019,61,35,13,4, , 
6/26/2019,62,26,9,3, , 
6/27/2019,48,26,12,4, , 
6/28/2019,49,24,11,3, , 
6/29/2019,47,25,10,2, , 
6/30/2019,50,29,10,4, , 
1/1/2019,88,35,19,7, , 
1/2/2019,69,37,17,9, , 
1/3/2019,69,33,16,8, , 
1/4/2019,69,35,15,8,1, 
1/5/2019,70,35,17,7,1, 
1/6/2019,69,43,18,9, , 
1/7/2019,83,29,7,9,1, 
1/8/2019,73,30,13,8, , 
1/9/2019,65,35,16,8, , 
1/10/2019,71,38,19,8, , 
1/11/2019,77,37,16,10,1, 
1/12/2019,78,38,15,8, , 
1/13/2019,79,37,20,9, , 
1/14/2019,75,40,20,9,1, 
1/15/2019,83,31,15,10, , 
1/16/2019,66,39,13,9, , 
1/17/2019,79,47,23,10, , 
1/18/2019,95,49,29,11,1, 
1/19/2019,104,41,24,9, , 
1/20/2019,91,41,22,10, , 
1/21/2019,81,45,25,10, , 
1/22/2019,90,50,23,10, , 
1/23/2019,103,40,24,10, , 
1/24/2019,86,47,19,11, , 
1/25/2019,94,43,22,11, , 
1/26/2019,93,55,26,11, , 
1/27/2019,128,57,27,12, , 
1/28/2019,124,59,25,11, , 
1/29/2019,129,58,27,12, , 
1/30/2019,134,53,21,11, , 
1/31/2019,113,53,26,14, , 
2/1/2019,119,56,27,12, , 
2/2/2019,130,42,22,10, , 
2/3/2019,92,40,23,13, , 
2/4/2019,77,37,18,9, , 
2/5/2019,69,44,24,13, , 
2/6/2019,83,43,26,12, , 
2/7/2019,82,44,25,13, , 
2/8/2019,79,42,23,12, , 
2/9/2019,83,45,26,12, , 
2/10/2019,89,57,27,15, , 
2/11/2019,115,80,26,17, , 
2/12/2019,165,72,29,12, , 
2/13/2019,157,56,26,16, , 
2/14/2019,122,59,27,22, , 
2/15/2019,128,63,29,13, , 
2/16/2019,145,54,20,12, , 
2/17/2019,122,58,23,11, , 
2/18/2019,133,67,28,12, , 
2/19/2019,147,64,30,14, , 
2/20/2019,145,68,25,14, , 
2/21/2019,152,68,32,17,3, 
2/22/2019,153,69,34,17, , 
2/23/2019,160,61,29,14, , 
2/24/2019,142,64,26,15, , 
2/25/2019,142,69,30,14, , 
2/26/2019,153,71,28,14, , 
2/27/2019,152,71,29,15, , 
2/28/2019,158,65,28,15, , 
3/1/2019,136,60,30,14, , 
3/2/2019,132,60,29,13, , 
3/3/2019,128,57,29,11, , 
3/4/2019,111,51,23,8, , 
3/5/2019,89,55,21,9, , 
3/6/2019,93,60,22,8, , 
3/7/2019,109,64,20,8, , 
3/8/2019,127,60,23,7, , 
3/9/2019,113,71,31,10, , 
3/10/2019,142,86,36,14, , 
3/11/2019,172,113,39,17, , 
3/12/2019,202,103,37,17, , 
3/13/2019,191,111,43,22, , 
3/14/2019,204,121,39,21, , 
3/15/2019,220,103,38,19, , 
3/16/2019,200,118,39,16, , 
3/17/2019,200,89,32,15, , 
3/18/2019,176,70,29,11, , 
3/19/2019,149,64,26,10, , 
3/20/2019,140,68,28,13, , 
3/21/2019,145,103,34,15,1, 
3/22/2019,190,164,36,21,1, 
3/23/2019,282,140,33,15,1, 
3/24/2019,254,101,29,14, , 
3/25/2019,190,91,28,10, , 
3/26/2019,176,89,26,11, , 
3/27/2019,169,79,27,12, , 
3/28/2019,162,107,40,17, , 
3/29/2019,192,176,36,19,1, 
3/30/2019,278,97,29,13, , 
3/31/2019,177,118,31,18,1, 
10/1/2018,65,23,17,5, , 
10/2/2018,57,28,19,6, , 
10/3/2018,62,36,20,6, , 
10/4/2018,82,47,22,6, , 
10/5/2018,101,48,23,6, , 
10/6/2018,100,45,21,6, , 
10/7/2018,99,48,22,6, , 
10/8/2018,101,48,23,6, , 
10/9/2018,99,43,16,5,1, 
10/10/2018,89,31,11,5, , 
10/11/2018,66,37,22,5, , 
10/12/2018,77,29,18,5, , 
10/13/2018,68,32,22,5, , 
10/14/2018,71,34,20,7, , 
10/15/2018,70,35,18,5, , 
10/16/2018,74,32,23,5, , 
10/17/2018,67,34,19,7, , 
10/18/2018,67,33,19,6, , 
10/19/2018,70,36,19,6, , 
10/20/2018,75,28,8,6, , 
10/21/2018,65,21,10,6, , 
10/22/2018,55,20,4,5, , 
10/23/2018,54,25,2,6, , 
10/24/2018,57,25, ,5, , 
10/25/2018,58,33, ,7, , 
10/26/2018,65,29, ,5, , 
10/27/2018,66,36, ,6, , 
10/28/2018,71,34, ,7, , 
10/29/2018,73,32,13,7, , 
10/30/2018,68,34,14,6, , 
10/31/2018,77,36,15,6, , 
11/1/2018,81,40,20,9, , 
11/2/2018,85,45,29,10, , 
11/3/2018,92,40,27,9, , 
11/4/2018,86,41,20,9, , 
11/5/2018,84,75,18,9, , 
11/6/2018,77,40,22,9, , 
11/7/2018,73,42,19,8, , 
11/8/2018,71,34,16,6, , 
11/9/2018,64,27,14,6, , 
11/10/2018,54,24,16,4, , 
11/11/2018,48,28,11,6, , 
11/12/2018,50,29,18,7, , 
11/13/2018,53,34,21,6, , 
11/14/2018,58,33,18,6, , 
11/15/2018,57,37,22,8, , 
11/16/2018,62,37,25,8, , 
11/17/2018,69,37,22,7, , 
11/18/2018,70,40,27,9, , 
11/19/2018,75,39,24,8, , 
11/20/2018,75,37,21,8, , 
11/21/2018,72,39,20,9,1, 
11/22/2018,74,39,25,7, , 
11/23/2018,75,38,25,8, , 
11/24/2018,73,37,20,6, , 
11/25/2018,73,36,17,6,6, 
11/26/2018,74,36,18,8, , 
11/27/2018,76,36,17,8, , 
11/28/2018,69,41,20,9, , 
11/29/2018,82,43,23,10, , 
11/30/2018,87,39,26,10, , 
12/1/2018,82,38,25,8, , 
12/2/2018,83,42,24,8,3, 
12/3/2018,83,43,23,10, , 
12/4/2018,85,39,26,8, , 
12/5/2018,78,43,25,9, , 
12/6/2018,80,48,21,12, , 
12/7/2018,102,54,17,10, , 
12/8/2018,128,46,21,7, , 
12/9/2018,107,29,20,8, , 
12/10/2018,70,36,25,9, , 
12/11/2018,74,31,10,9, , 
12/12/2018,74,25,10,8, , 
12/13/2018,60,30,20,8, , 
12/14/2018,64,34,21,9, , 
12/15/2018,70,29,14,6, , 
12/16/2018,65,28,13,5, , 
12/17/2018,59,35,17,9, , 
12/18/2018,72,41,21,10, , 
12/19/2018,85,44,20,9, , 
12/20/2018,96,35,18,8, , 
12/21/2018,73,26,14,9, , 
12/22/2018,58,27,13,6, , 
12/23/2018,62,35,17,10, , 
12/24/2018,72,35,20,10, , 
12/25/2018,74,34,20,10, , 
12/26/2018,68,38,20,11, , 
12/27/2018,76,45,21,12, , 
12/28/2018,92,45,12,7, , 
12/29/2018,99,30,11,7, , 
12/30/2018,70, , , , , 
7/1/2018,61,34,15,7, , 
7/2/2018,63,34,11,6, , 
7/3/2018,65,34,13,6, , 
7/4/2018,60,48,14,5, , 
7/5/2018,87,31,22,5,1, 
7/6/2018,59,30,19,6, , 
7/7/2018,56,35,15,17, , 
7/8/2018,64,33,14,41, , 
7/9/2018,62,37,18,45, , 
7/10/2018,63,33,16,37, , 
7/11/2018,54,31,17,32, , 
7/12/2018,52,32,19,33, , 
7/13/2018,52,43,14,37, , 
7/14/2018,65,48,18,34, , 
7/15/2018,79,138,19,18, , 
7/16/2018,149,24,13,3, , 
7/17/2018,43,54,11,4, , 
7/18/2018,73,22,18,4, , 
7/19/2018,46,24,11,4, , 
7/20/2018,52,32,14,4, , 
7/21/2018,64,38,14,18, , 
7/22/2018,69,39,14,32, , 
7/23/2018,65,37,13,29, , 
7/24/2018,64,39,8,22, , 
7/25/2018,71,47,9,26, , 
7/26/2018,79,40,13,25, , 
7/27/2018,76,35,10,24, , 
7/28/2018,64,45,13,29, , 
7/29/2018,73,43,14,27, , 
7/30/2018,77,38,13,24, , 
7/31/2018,71,42,15,21, , 
8/1/2018,75,52,16,25, , 
8/2/2018,89,48,19,23, , 
8/3/2018,76,46,19,24, , 
8/4/2018,79,41,17,18, , 
8/5/2018,77,50,14,22, , 
8/6/2018,80,40,19,21, , 
8/7/2018,69,40,22,24, , 
8/8/2018,72,38,16,19, , 
8/9/2018,73,35,15,19, , 
8/10/2018,66,33,15,17, , 
8/11/2018,62,34,16,17, , 
8/12/2018,66,28,14,17, , 
8/13/2018,54,29,16,18, , 
8/14/2018,58,41,13,18, , 
8/15/2018,73,42,18,21, , 
8/16/2018,72,40,8,19, , 
8/17/2018,75,69,11,9, , 
8/18/2018,50,28,16,5, , 
8/19/2018,54,38,16,7, , 
8/20/2018,64,36,16,7, , 
8/21/2018,64,35,16,7, , 
8/22/2018,61,33,14,7, , 
8/23/2018,65,32,15,6, , 
8/24/2018,58,31,16,6, , 
8/25/2018,57,36,18,5, , 
8/26/2018,57,25,14,6, , 
8/27/2018,48,28,14,7, , 
8/28/2018,52,37,14,6, , 
8/29/2018,58,40,13,7, , 
8/30/2018,74,36,11,8, , 
8/31/2018,65,63,16,6, , 
9/1/2018,88,30,18,6, , 
9/2/2018,57,31,9,7, , 
9/3/2018,57,32,13,7, , 
9/4/2018,58,29,17,5, , 
9/5/2018,53,32,19,7, , 
9/6/2018,56,35,18,6, , 
9/7/2018,68,28,14,4, , 
9/8/2018,57,28,19,5, , 
9/9/2018,59,31,26,6, , 
9/10/2018,60,32,22,6, , 
9/11/2018,58,68,19,6, , 
9/12/2018,89,36,21,6, , 
9/13/2018,64,30,21,6, , 
9/14/2018,51,32,14,6, , 
9/15/2018,57,35,14,6, , 
9/16/2018,63,38,20,5, , 
9/17/2018,64,29,10,6, , 
9/18/2018,42,25,12,6, , 
9/19/2018,41,28,16,6, , 
9/20/2018,40,67,13,6, , 
9/21/2018,51,32,12,5, , 
9/22/2018,55,31,21,7, , 
9/23/2018,63,33,21,5, , 
9/24/2018,61,30,14,5, , 
9/25/2018,58,29,21,6, , 
9/26/2018,53,63,22,5, , 
9/27/2018,56,30,13,5, , 
9/28/2018,58,27,11,5, , 
9/29/2018,62,25,17,4, , 
9/30/2018,59,31,19,5, , 
4/1/2018,135,64,30,6,11, 
4/2/2018,142,52,30,8, , 
4/3/2018,108,56,24,6, , 
4/4/2018,125,54,26,6, , 
4/5/2018,112,47,25,5, , 
4/6/2018,89,39,13,4, , 
4/7/2018,79,32,20,6, , 
4/8/2018,64,44,31,10,1, 
4/9/2018,87,56,31,8, , 
4/10/2018,125,82,32,11, , 
4/11/2018,165,70,30,12, , 
4/12/2018,158,71,30,12, , 
4/13/2018,158,78,34,10,1, 
4/14/2018,169,80,26,11,1, 
4/15/2018,170,68,23,6,1, 
4/16/2018,146,50,20,4, , 
4/17/2018,103,44,20,7, , 
4/18/2018,85,54,23,8, , 
4/19/2018,108,65,20,10, , 
4/20/2018,142,71,29,11,1, 
4/21/2018,153,79,27,9,1, 
4/22/2018,166,81,31,10,1, 
4/23/2018,163,85,29,9,1, 
4/24/2018,168,76,29,7, , 
4/25/2018,163,59,27,6, , 
4/26/2018,133,52,22,5, , 
4/27/2018,115,48,18,6, , 
4/28/2018,111,41,20,6, , 
4/29/2018,87,37,21,5, , 
4/30/2018,79,30,18,4, , 
5/1/2018,70,21,8,7, , 
5/2/2018,50,27,12,5, , 
5/3/2018,56,33,14,7, , 
5/4/2018,65,32,17,5,1, 
5/5/2018,68,47,18,6, , 
5/6/2018,86,57,20,9, , 
5/7/2018,108,61,22,8, , 
5/8/2018,121,62,23,7, , 
5/9/2018,124,55,20,7, , 
5/10/2018,201,43,20,8, , 
5/11/2018,80,77,18,7, , 
5/12/2018,108,37,22,6, , 
5/13/2018,85,40,21,7, , 
5/14/2018,83,47,22,7, , 
5/15/2018,90,44,21,7, , 
5/16/2018,91,35,18,6,2, 
5/17/2018,72,35,7,7, , 
5/18/2018,62,40,20,5, , 
5/19/2018,76,46,20,4, , 
5/20/2018,81,57,105,5, , 
5/21/2018,86,32,57,7, , 
5/22/2018,64,36,23,7, , 
5/23/2018,72,28,36,7, , 
5/24/2018,55,27,55,6, , 
5/25/2018,55,30,18,4, , 
5/26/2018,60,24,19,4, , 
5/27/2018,49,23,13,7, , 
5/28/2018,52,28,14,5, , 
5/29/2018,50,28,8,6, , 
5/30/2018,51,33,10,4, , 
5/31/2018,45,48,11,4, , 
6/1/2018,92,52,19,5, , 
6/2/2018,92,53,14,4, , 
6/3/2018,123,52,18,7, , 
6/4/2018,114,48,16,5, , 
6/5/2018,77,25,15,5, , 
6/6/2018,50,29,13,6, , 
6/7/2018,58,25,4,5, , 
6/8/2018,50,28,7,5, , 
6/9/2018,52,23,22,5, , 
6/10/2018,46,25,9,6, , 
6/11/2018,39,27,22,5, , 
6/12/2018,45,31,19,5, , 
6/13/2018,49,37,5,7, , 
6/14/2018,63,35,11,7, , 
6/15/2018,61,44,21,7, , 
6/16/2018,78,55,15,6, , 
6/17/2018,97,59,17,6, , 
6/18/2018,108,57,14,7, , 
6/19/2018,103,43,15,5, , 
6/20/2018,84,35,12,5, , 
6/21/2018,65,38,12,5, , 
6/22/2018,65,37,13,5, , 
6/23/2018,63,29,10,4, , 
6/24/2018,57,38,10,6, , 
6/25/2018,67,34,11,6, , 
6/26/2018,59,28,8,6, , 
6/27/2018,50,26,11,5, , 
6/28/2018,50,28,8,5, , 
6/29/2018,53,35,16,8, , 
6/30/2018,61,34,15,4, , 
1/1/2018,84,42,15,8, , 
1/2/2018,87,44,14,8, , 
1/3/2018,85,45,9,8, , 
1/4/2018,86,38,6,5, , 
1/5/2018,81,49,11,7, , 
1/6/2018,113,56,16,8, , 
1/7/2018,122,50,13,8, , 
1/8/2018,104,44,14,7, , 
1/9/2018,91,41,15,4, , 
1/10/2018,88,51,13,4, , 
1/11/2018,109,30,5,3, , 
1/12/2018,69,34,7,4, , 
1/13/2018,78,43,16,6, , 
1/14/2018,101,50,16,11,2, 
1/15/2018,109,53,18,9, , 
1/16/2018,118,52,16,9, , 
1/17/2018,115,49,15,8, , 
1/18/2018,103,46,15,10, , 
1/19/2018,96,48,19,9, , 
1/20/2018,107,52,21,11, , 
1/21/2018,117,47,15,9, , 
1/22/2018,97,46,15,10, , 
1/23/2018,98,40,15,10, , 
1/24/2018,77,41,19,11, , 
1/25/2018,83,40,14,8, , 
1/26/2018,84,44,16,8, , 
1/27/2018,94,42,14,8, , 
1/28/2018,90,49,14,8, , 
1/29/2018,94,45,15,9, , 
1/30/2018,89,51,17,14, , 
1/31/2018,102,52,16,11, , 
2/1/2018,103,52,19,11, , 
2/2/2018,109,62,20,10, , 
2/3/2018,148,65,23,10, , 
2/4/2018,150,69,23,12, , 
2/5/2018,154,75,25,11, , 
2/6/2018,161,70,21,10, , 
2/7/2018,151,67,19,10, , 
2/8/2018,142,64,22,11, , 
2/9/2018,144,59,18,9, , 
2/10/2018,131,59,21,11, , 
2/11/2018,130,68,27,15, , 
2/12/2018,151,74,26,13, , 
2/13/2018,159,75,33,13, , 
2/14/2018,159,66,28,12, , 
2/15/2018,144,58,20,9, , 
2/16/2018,109,55,23,13, , 
2/17/2018,119,57,27,14, , 
2/18/2018,132,74,24,17, , 
2/19/2018,146,66,27,13, , 
2/20/2018,152,66,29,14, , 
2/21/2018,151,56,23,10, , 
2/22/2018,128,63,21,7, , 
2/23/2018,126,61,22,10, , 
2/24/2018,130,53,21,10, , 
2/25/2018,123,70,23,9, , 
2/26/2018,143,63,26,11, , 
2/27/2018,139,76,29,17, , 
2/28/2018,162,76,31,16, , 
3/1/2018,165,81,30,18, , 
3/2/2018,163,67,29,17, , 
3/3/2018,147,68,32,16, , 
3/4/2018,150,74,30,19, , 
3/5/2018,156,88,33,20, , 
3/6/2018,171,73,29,17, , 
3/7/2018,155,87,32,18, , 
3/8/2018,175,75,19,8, , 
3/9/2018,148,52,27,7, , 
3/10/2018,114,66,28,8, , 
3/11/2018,151,63,24,11, , 
3/12/2018,145,78,28,17, , 
3/13/2018,134,73,28,14, , 
3/14/2018,156,81,32,20, , 
3/15/2018,162,83,32,18, , 
3/16/2018,168,84,33,15, , 
3/17/2018,171,87,31,12, , 
3/18/2018,173,73,29,14, , 
3/19/2018,161,72,28,18, , 
3/20/2018,152,83,28,17, , 
3/21/2018,168,77,27,9, , 
3/22/2018,162,76,28,7, , 
3/23/2018,160,75,29,10, , 
3/24/2018,158,76,31,13, , 
3/25/2018,163,74,29,12, , 
3/26/2018,161,68,25,8, , 
3/27/2018,148,81,29,13, , 
3/28/2018,163,96,30,18, , 
3/29/2018,179,98,29,13, , 
3/30/2018,180,71,25,7,8, 
3/31/2018,160,58,28,7,26, 
10/1/2017,68,42,9,5, , 
10/2/2017,66,37,5,5, , 
10/3/2017,57,44,5,5, , 
10/4/2017,51,32,6,6, , 
10/5/2017,49,34,7,4, , 
10/6/2017,50, , , , , 
10/8/2017,51,37,11,6, , 
10/9/2017,49,45,6,6, , 
10/10/2017,56,29,8,5, , 
10/11/2017,52,34,12,5, , 
10/12/2017,53,30,10,4, , 
10/13/2017,53,39,10,6, , 
10/14/2017,60,34,10,5, , 
10/15/2017,57,37,9,5, , 
10/16/2017,53,34,5,5, , 
10/17/2017,55,38,6,7, , 
10/18/2017,58,73,12,7,1, 
10/19/2017,97,40,10,6, , 
10/20/2017,60,38,16,7, , 
10/21/2017,61,39,14,5, , 
10/22/2017,65,28,10,2, , 
10/23/2017,61,35,9,5, , 
10/24/2017,60,38,11,6, , 
10/25/2017,68,38,12,5, , 
10/26/2017,70,36,13,7, , 
10/27/2017,65,38,11,6, , 
10/28/2017,68,41,11,7, , 
10/29/2017,73,47,11,7, , 
10/30/2017,103,50,12,7, , 
10/31/2017,107,50,15,9, , 
11/1/2017,101,45,15,7, , 
11/2/2017,92,45,12,8, , 
11/3/2017,92,55,17,7, , 
11/4/2017,123,51,18,7, , 
11/5/2017,108,50,12,9, , 
11/6/2017,102,48,9,8, , 
11/7/2017,92,35,6,8, , 
11/8/2017,74,35,6,5, , 
11/9/2017,68,32,8,6, , 
11/10/2017,64,38,12,7, , 
11/11/2017,66,30,11,5, , 
11/12/2017,63,38,12,7, , 
11/13/2017,70,41,12,8, , 
11/14/2017,78,43,12,7, , 
11/15/2017,77,43,13,8, , 
11/16/2017,78,47,18,9, , 
11/17/2017,81,36,8,7, , 
11/18/2017,69,40,9,8, , 
11/19/2017,74,35,15,5, , 
11/20/2017,76,36,13,4, , 
11/21/2017,78,36,15,7, , 
11/22/2017,70,45,9,9, , 
11/23/2017,77,38,13,7, , 
11/24/2017,79,36,16,7, , 
11/25/2017,75,28,8,5, , 
11/26/2017,70,40,11,9, , 
11/27/2017,79,47,11,9, , 
11/28/2017,95,43,13,8, , 
11/29/2017,83,39,12,9, , 
11/30/2017,78,38,12,9, , 
12/1/2017,76,37,13,8, , 
12/2/2017,80,38,17,9, , 
12/3/2017,83,40,14,5, , 
12/4/2017,84,39,14,6, , 
12/5/2017,86,48,17,9, , 
12/6/2017,96,53,8,11, , 
12/7/2017,105,54,15,11, , 
12/8/2017,109,55,18,8, , 
12/9/2017,114,54,23,8, , 
12/10/2017,103,42,20,7, , 
12/11/2017,80,44,11,8, , 
12/12/2017,83,39,12,9, , 
12/13/2017,78,36,12,8, , 
12/14/2017,72,42,15,10, , 
12/15/2017,86,44,16,10, , 
12/16/2017,89,46,18,8, , 
12/17/2017,96,46,12,10, , 
12/18/2017,92,80,13,7, , 
12/19/2017,128,52,16,8, , 
12/20/2017,109,56,17,12, , 
12/21/2017,109,54,18,17, , 
12/22/2017,111,55,20,16, , 
12/23/2017,119,47,17,13, , 
12/24/2017,100,46,13,8, , 
12/25/2017,89,53,10,11, , 
12/26/2017,122,43,10,7, , 
12/27/2017,103,30,7,8, , 
12/28/2017,59,35,5,7, , 
12/29/2017,67,42,8,7, , 
12/30/2017,73,36,13,6, , 
12/31/2017,74,45,15,7, , 
7/1/2017,59,34,7,6, , 
7/2/2017,68,36,9,6, , 
7/3/2017,68,40,5,6, ,10
7/4/2017,77,38,8,6, , 
7/5/2017,68,29,9,6, , 
7/6/2017,60,35,9,6, , 
7/7/2017,56,35,12,5, , 
7/8/2017,58,30,11,4, , 
7/9/2017,64,32,6,5, , 
7/10/2017,56,32,5,6, , 
7/11/2017,60,19,7,5, , 
7/12/2017,51,36,9,5, , 
7/13/2017,74,29,15,5, , 
7/14/2017,65,30,8,4, , 
7/15/2017,52,27,13,4, , 
7/16/2017,51,35,5,6, , 
7/17/2017,57,37,7,7, , 
7/18/2017,54,34,11,7, , 
7/19/2017,55,37,11,6, , 
7/20/2017,58,37,5,6, , 
7/21/2017,58,42,6,5, , 
7/22/2017,56,32,11,4, , 
7/23/2017,53,38,11,5, , 
7/24/2017,58,42,11,5, , 
7/25/2017,65,40,7,4, , 
7/26/2017,53,28,14,6,1, 
7/27/2017,54,38,9,6,1, 
7/28/2017,61,36,17,5,1, 
7/29/2017,69,67,16,5,1, 
7/30/2017,95,35,11,6,1, 
7/31/2017,59,30,10,6,1, 
8/1/2017,61,29,10,6,1, 
8/2/2017,59,30,11,6,1, 
8/3/2017,60,37,12,6,1, 
8/4/2017,59,36,13,6,1, 
8/5/2017,62,46,9,6,1, 
8/6/2017,57,35,8,5,1, 
8/7/2017,57,37,10,5,1, 
8/8/2017,55,32,10,5,1, 
8/9/2017,53,41,9,6,1, 
8/10/2017,59,37,11,6, , 
8/11/2017,60,35,11,4, , 
8/12/2017,55,30,15,4, , 
8/13/2017,55,40,12,6, , 
8/14/2017,65,36,6,6, , 
8/15/2017,59,39,2,6, , 
8/16/2017,58,38,8,5, , 
8/17/2017,57,35,11,6, , 
8/18/2017,53,35,12,6, , 
8/19/2017,55,38,9,5, , 
8/20/2017,51,37,7,6, , 
8/21/2017,51,64,10,4, , 
8/22/2017,87,35,12,7, , 
8/23/2017,50,38,7,6, , 
8/24/2017,62,46,5,7, , 
8/25/2017,68,30,13,6, , 
8/26/2017,53,37,10,5, , 
8/27/2017,48,32,12,6, , 
8/28/2017,53,42,9,6, , 
8/29/2017,54,38,6,6, , 
8/30/2017,53,44,10,6, , 
8/31/2017,53,65,8,5,15, 
9/1/2017,77,39,10,5,24, 
9/2/2017,50,32,12,5, , 
9/3/2017,56,41,13,6, , 
9/4/2017,59,30,8,5, , 
9/5/2017,51,36, ,5, , 
9/6/2017,51, , , , , 
9/9/2017,59,47,11,5, , 
9/10/2017,59,31,8,6, , 
9/11/2017,58,40,16,5, , 
9/12/2017,61,33,16,6, , 
9/13/2017,56,33,8,5, , 
9/14/2017,60,31,6,6, , 
9/15/2017,61,39,7,6, , 
9/16/2017,61,31,7,5, , 
9/17/2017,54,29,7,5, , 
9/18/2017,48,32,8,6, , 
9/19/2017,51,31,12,5, , 
9/20/2017,53,33,6,5, , 
9/21/2017,58,36,8,6, , 
9/22/2017,58,34,15,6, , 
9/23/2017,71,45,15,5, , 
9/24/2017,70,36,16,6, , 
9/25/2017,71,103,12,4, , 
9/26/2017,124,31,8,5,1, 
9/27/2017,57,42,20,7,1, 
9/28/2017,66,31,9,7, , 
9/29/2017,56,36,13,6, , 
9/30/2017,61,37,16,7, , 
4/1/2017,145,35,17,5, , 
4/2/2017,98,48,22,6, , 
4/3/2017,115,58,23,6, , 
4/4/2017,139,61,23,11, , 
4/5/2017,152,70,29,15, , 
4/6/2017,158,78,27,13, , 
4/7/2017,162,114,28,11, , 
4/8/2017,196,78,27,11, , 
4/9/2017,166,68,27,8, , 
4/10/2017,157,71,24,10, , 
4/11/2017,156,75,27,7, , 
4/12/2017,164,72,20,5, , 
4/13/2017,146,43,17,6, , 
4/14/2017,90,37,17,5, , 
4/15/2017,87,33,13,5, , 
4/16/2017,78,48,9,6, , 
4/17/2017,75,38,15,8, , 
4/18/2017,75,50,23,12, , 
4/19/2017,95,53,19,9, , 
4/20/2017,105,63,21,9, , 
4/21/2017,135,71,25,8, , 
4/22/2017,158,74,21,8, , 
4/23/2017,162,75,21,11, , 
4/24/2017,159,75,18,13, , 
4/25/2017,157,74,23,15, , 
4/26/2017,155,80,24,10, , 
4/27/2017,162,75,24,8, , 
4/28/2017,150,38,22,5, , 
4/29/2017,81,40,23,7, , 
4/30/2017,88,60,19,7, , 
5/1/2017,123,59,22,9, , 
5/2/2017,116,60,20,9, , 
5/3/2017,118,59,20,7, , 
5/4/2017,135,47,18,4, , 
5/5/2017,91,37,24,7, , 
5/6/2017,63,39,19,4, , 
5/7/2017,110,43,24,7,1, 
5/8/2017,141,51,25,8,1, 
5/9/2017,188,47,24,7, , 
5/10/2017,93,36,19,7, , 
5/11/2017,69,38,19,7, , 
5/12/2017,73,28,19,4, , 
5/13/2017,64,20,17,4, , 
5/14/2017,35,22,13,5, , 
5/15/2017,42,36,6,6, , 
5/16/2017,48,30,9,5, , 
5/17/2017,77,19,12,5, , 
5/18/2017,42,32,19,6, , 
5/19/2017,53,49,20,8, , 
5/20/2017,78,55,20,7, , 
5/21/2017,90,55,23,10, , 
5/22/2017,107,51,21,7, , 
5/23/2017,92,50,9,10, , 
5/24/2017,79,51,20,7, , 
5/25/2017,90,40,13,6, , 
5/26/2017,66,30,14,8, , 
5/27/2017,68,36,18,6, , 
5/28/2017,84,39,14,7, , 
5/29/2017,81,39,10,7, , 
5/30/2017,77,40,11,7, , 
5/31/2017,66,42,14,6, , 
6/1/2017,77,46,10,8, , 
6/2/2017,71,36,14,6, , 
6/3/2017,69,31,7,4, , 
6/4/2017,62,37,11,6, , 
6/5/2017,72,40,17,6, , 
6/6/2017,81,41,12,5, , 
6/7/2017,75,33,5,6,1, 
6/8/2017,55,31,10,4,1, 
6/9/2017,55,29,9,5,1, 
6/10/2017,54,23,9,5,1, 
6/11/2017,61,68,7,6,1, 
6/12/2017,98,38,9,6,1, 
6/13/2017,66,31,8,5,1, 
6/14/2017,57,23,6,5,1, 
6/15/2017,58,44,11,6,1, 
6/16/2017,79,36,11,6,1, 
6/17/2017,69,27,9,4,1, 
6/18/2017,56,22,9,5,1, 
6/19/2017,58,26,8,5,1, 
6/20/2017,55,26,5,5, , 
6/21/2017,56,27,8,4, , 
6/22/2017,48,26,11,5, , 
6/23/2017,54,28,13,4, , 
6/24/2017,66,23,11,4, , 
6/25/2017,52,32,13,5, , 
6/26/2017,67,27,13,4, , 
6/27/2017,57,27,10,4, , 
6/28/2017,51,32,12,6, , 
6/29/2017,50,36,8,6, , 
6/30/2017,60,29,9,6, , 
1/2/2017,67,25,11,5, , 
1/3/2017,73,19,7,2, , 
1/4/2017,67,19,5,5, , 
1/5/2017,65,25,2,4, , 
1/6/2017,68,29,9,4, , 
1/7/2017,76,37,14,6, , 
1/8/2017,87,36,16,7, , 
1/9/2017,85,34,3,8, , 
1/10/2017,90,23,4,6, , 
1/11/2017,75,29,7,6, , 
1/12/2017,66,35,14,6, , 
1/13/2017,71,33,17,7, , 
1/14/2017,82,32,18,7, , 
1/15/2017,84,39,18,9, , 
1/16/2017,94,45,19,9, , 
1/17/2017,102,44,24,9, , 
1/18/2017,106,73,19,8, , 
1/19/2017,112,44,19,9, , 
1/20/2017,101,47,23,10, , 
1/21/2017,99,34,21,8, , 
1/22/2017,87,40,21,10, , 
1/23/2017,88,42,21,9, , 
1/24/2017,97,38,15,7, , 
1/25/2017,94,37,18,7, , 
1/26/2017,92,76,17,9, , 
1/27/2017,127,40,24,10, , 
1/28/2017,94,47,24,10, , 
1/29/2017,111,48,19,11,3, 
1/30/2017,108,57,21,11, , 
1/31/2017,136,57,23,11, , 
2/1/2017,139,53,20,10, , 
2/2/2017,122,53,20,11, , 
2/3/2017,109,43,18,9, , 
2/4/2017,108,43,23,32, , 
2/5/2017,104,54,23,10, , 
2/6/2017,124,59,26,10, , 
2/7/2017,138,54,22,9, , 
2/8/2017,121,57,26,12, , 
2/9/2017,127,57,25,18, , 
2/10/2017,129,64,26,23, , 
2/11/2017,152,63,28,19, , 
2/12/2017,154,59,29,23, , 
2/13/2017,151,64,29,22, , 
2/14/2017,155,64,27,24, , 
2/15/2017,152,60,26,24, , 
2/16/2017,144,57,26,26, , 
2/17/2017,137,55,25,23, , 
2/18/2017,137,62,28,28, , 
2/19/2017,151,67,24,27, , 
2/20/2017,149,60,23,33, , 
2/21/2017,136,60,24,48, , 
2/22/2017,128,50,22,47, , 
2/23/2017,107,56,22,13, , 
2/24/2017,123,54,24,11, , 
2/25/2017,120,62,26,9, , 
2/26/2017,142,60,23,9, , 
2/27/2017,136,59,24,13, , 
2/28/2017,134,60,25,10, , 
3/1/2017,139,63,29,11, , 
3/2/2017,145,76,29,14, , 
3/3/2017,163,62,28,12, , 
3/4/2017,151,64,30,13, , 
3/5/2017,155,67,31,14, , 
3/6/2017,156,67,32,13, , 
3/7/2017,155,70,31,16, , 
3/8/2017,158,59,19,6, , 
3/9/2017,128,57,17,8, , 
3/10/2017,134,54,20,8, , 
3/11/2017,123,50,21,6, , 
3/12/2017,113,55,20,11, , 
3/13/2017,121,63,23,8, , 
3/14/2017,146,67,25,10, , 
3/15/2017,142,60,30,10, , 
3/16/2017,143,66,23,7, , 
3/17/2017,146,59,23,9, , 
3/18/2017,141,60,27,12, , 
3/19/2017,141,85,30,16, , 
3/20/2017,178,76,26,10, , 
3/21/2017,163,72,31,14, , 
3/22/2017,160,93,34,16, , 
3/23/2017,185,93,33,13, , 
3/24/2017,181,67,18,11, , 
3/25/2017,148,65,18,12, , 
3/26/2017,149,56,15,5, , 
3/27/2017,124,54,17,7, , 
3/28/2017,131,96,19,7,2, 
3/29/2017,175,60,15,8, , 
3/30/2017,135,65,21,13, , 
3/31/2017,147,65,20,9, , 
10/1/2016,73,28,11,6, , 
10/2/2016,67,32,9,7, , 
10/3/2016,66,29,9,7, , 
10/4/2016,67,30,16,6, , 
10/5/2016,67,25,12,7, , 
10/6/2016,63,26,15,5, , 
10/7/2016,69,29,17,7, , 
10/8/2016,190,32,19,8, , 
10/9/2016,101,32,15,7, , 
10/10/2016,92,31,16,7, , 
10/11/2016,73,19,11,3, , 
10/12/2016,59,30,14,7, , 
10/13/2016,76,38,13,6, , 
10/14/2016,98,25,10,3, , 
10/15/2016,73,19,9,4, , 
10/16/2016,61,26,9,6, , 
10/17/2016,64,35,10,7, , 
10/18/2016,84,40,20,9, , 
10/19/2016,92,40,19,9, , 
10/20/2016,88,39,18,7, , 
10/21/2016,74,33,16,7, , 
10/22/2016,68,31,15,8, , 
10/23/2016,67,33,14,8, , 
10/24/2016,69,26,8,7, , 
10/25/2016,67,28,14,8, , 
10/26/2016,63,28,11,6, , 
10/27/2016,63,27,15,6, , 
10/28/2016,57,22,9,3, , 
10/29/2016,57,26,12,6, , 
10/30/2016,64,31,11,6, , 
10/31/2016,65,29,8,5, , 
11/1/2016,61,26,10,5, , 
11/2/2016,55,26,9,4, , 
11/3/2016,63,29,9,7, , 
11/4/2016,75,33,24,9, , 
11/5/2016,77,34,21,10, , 
11/6/2016,81,37,17,8, , 
11/7/2016,84,29,15,7, , 
11/8/2016,72,21,11,7, , 
11/9/2016,57,26,11,7, , 
11/10/2016,68,19,5,9, , 
11/11/2016,57,36,14,8, , 
11/12/2016,61,35,17,9, , 
11/13/2016,67,34,18,8, , 
11/14/2016,72,35,15,8, , 
11/15/2016,69,39,20,9, , 
11/16/2016,81,39,19,10, , 
11/17/2016,83,41,21,11, , 
11/18/2016,82,37,22,10, , 
11/19/2016,80,31,12,5, , 
11/20/2016,73,30,8,7, , 
11/21/2016,77,39,6,8, , 
11/22/2016,87,39,17,10, , 
11/23/2016,93,39,19,10, , 
11/24/2016,94,38,17,9, , 
11/25/2016,83,36,16,9, , 
11/26/2016,83,29,17,8, , 
11/27/2016,78,39,12,12, , 
11/28/2016,84,41,15,11, , 
11/29/2016,94,43,23,12, , 
11/30/2016,99,43,22,13, , 
12/1/2016,102,42,18,12, , 
12/2/2016,97,41,13,9, , 
12/3/2016,101,36,14,9, , 
12/4/2016,90,34,9,6, , 
12/5/2016,99,34,10,7, , 
12/6/2016,110,45,13,7, , 
12/7/2016,123,46, ,7, , 
12/8/2016,119,44, ,9, , 
12/9/2016,134,44,7,9, , 
12/10/2016,114,154,18,11, , 
12/11/2016,122,82,25,12, , 
12/12/2016,156,46,13,9, , 
12/13/2016,127,38,13,9, , 
12/14/2016,98,37,9,8, , 
12/15/2016,96,32,5,6, , 
12/16/2016,95,21,4,6, , 
12/17/2016,79,31,8,11, , 
12/18/2016,88,39,15,7, , 
12/19/2016,95,44,16,10, , 
12/20/2016,101,39,16,9, , 
12/21/2016,105,40, ,10, , 
12/22/2016,92,38, ,12, , 
12/23/2016,81,42,20,11, , 
12/24/2016,107,41,20,9, , 
12/25/2016,113,45,16,9, , 
12/26/2016,112,46,18,5, , 
12/27/2016,120,47,21,5, , 
12/28/2016,111,42,15,2, , 
12/29/2016,106,34,13,2, , 
12/30/2016,94,33,13,2, , 
12/31/2016,91, , , , , 
7/1/2016,47,23,18,10, ,7
7/2/2016,48,26,15,9, ,8
7/3/2016,41,32,17,11, ,9
7/4/2016,47,65,16,12,30,9
7/5/2016,51,74,15,13,1,10
7/6/2016,68,25,18,11, ,9
7/7/2016,47,25,14,11, ,10
7/8/2016,34,22,18,9, ,7
7/9/2016,42,22,21,8, ,7
7/10/2016,44,23,16,11, ,7
7/11/2016,42,33,24,12, ,9
7/12/2016,52,38,26,14,1,10
7/13/2016,67,35,20,12,1,9
7/14/2016,50,34,22,14, ,9
7/15/2016,58,39,33,11, ,7
7/16/2016,65,38,24,12,1,9
7/17/2016,63,34,37,14,1,9
7/18/2016,61,23,26,9,1,7
7/19/2016,45,24,26,6, ,11
7/20/2016,43,25,13,8,1,13
7/21/2016,37,27,27,9,1,12
7/22/2016,33,17,21,4,1,9
7/23/2016,34,23,26,8, ,11
7/24/2016,52,29,23,10,1,12
7/25/2016,45,27,20,10,1,11
7/26/2016,47,29,22,8,1,11
7/27/2016,54,26,27,8,1,11
7/28/2016,37,29,26,13, ,8
7/29/2016,48,26,17,12, ,8
7/30/2016,60,21,18,7, ,6
7/31/2016,59,24,20,9, ,7
8/1/2016,61,26,25,10, ,7
8/2/2016,66,23,23,8, ,6
8/3/2016,60,25,22,10,1,7
8/4/2016,69,26,17,10, ,7
8/5/2016,66,29,21,11,2,8
8/6/2016,62,29, ,8, ,6
8/7/2016,62, , , , , 
8/8/2016,67,25,25,12, ,8
8/9/2016,65,38,30,15,1,10
8/10/2016,79,39,22,13,1,9
8/11/2016,79,38,24,14, ,10
8/12/2016,77,32,17,12,1,9
8/13/2016,71,27,23,13, ,9
8/14/2016,72,35,10,17, ,12
8/15/2016,78,37,24,14,1,11
8/16/2016,74,37,21,12,1,9
8/17/2016,80,37,29,11, ,9
8/18/2016,81,49,18,16, ,11
8/19/2016,104,39,18,13, ,11
8/20/2016,82,41,22,9,1,9
8/21/2016,88,36,32,12,1,9
8/22/2016,78,29,32,14,1,11
8/23/2016,55,33,30,11,1,9
8/24/2016,74,58,39,9,2,8
8/25/2016,50,24,19,10,1,9
8/26/2016,46,27,20,11, ,9
8/27/2016,57,30,17,11,1,12
8/28/2016,55,26,12,7, ,3
8/29/2016,55,25,9,6, , 
8/30/2016,63,25,11,6, , 
8/31/2016,57,29,12,6, , 
9/1/2016,63,29,13,8, , 
9/2/2016,64,21,10,5, , 
9/3/2016,58,25,13,6, , 
9/4/2016,65,33,14,8, , 
9/5/2016,77,34,16,7, , 
9/6/2016,76,26,6,6, , 
9/7/2016,64,26,9,5, , 
9/8/2016,77,25,12,4, , 
9/9/2016,64,27,13, , , 
9/10/2016,71,20,9,4, , 
9/11/2016,63,18,6,5, , 
9/12/2016,61,27,10,7, , 
9/13/2016,63,20,6,5, , 
9/14/2016,63,26,13,7, , 
9/15/2016,66,20,4,5, , 
9/16/2016,58,26,15,4, , 
9/17/2016,65,25,5,7, , 
9/18/2016,61,31,19,8, , 
9/19/2016,63,32,12,7, , 
9/20/2016,71,33,14,8, , 
9/21/2016,83,47,13,6, , 
9/22/2016,115,46,12,10, , 
9/23/2016,103,40,13,7, , 
9/24/2016,91,35,10,7, , 
9/25/2016,69,28,12,6, , 
9/26/2016,63,27,14,7, , 
9/27/2016,65,32,18,8, , 
9/28/2016,78,31,13,7, , 
9/29/2016,68,32,25,9, , 
9/30/2016,71,30,18,7, , 
4/1/2016,134,72,54,27,1,14
4/2/2016,146,67,62,26,1,13
4/3/2016,165,82,87,34,1,15
4/4/2016,162,83,67,27,2,13
4/5/2016,155,84,71,28,2,14
4/6/2016,162,96,83,33,2,16
4/7/2016,173,92,76,29,2,15
4/8/2016,169,88,56,33,6,18
4/9/2016,150,80,66,32,3,17
4/10/2016,156,79,80,35,2,16
4/11/2016,159,84,79,31,3,16
4/12/2016,162,80,79,25,2,14
4/13/2016,158,75,66,25,2,14
4/14/2016,148,77,88,29,2,15
4/15/2016,155,94,82,26,2,16
4/16/2016,174,103,87,34,3,19
4/17/2016,181,121,82,42,3,23
4/18/2016,203,103,32,29,8,22
4/19/2016,176,94,72,33,4,19
4/20/2016,171,95,67,29,11,18
4/21/2016,175,78,53,24,3,14
4/22/2016,160,75,60,19,2,11
4/23/2016,132,61,55,18,14,19
4/24/2016,140,67,56,22,2,10
4/25/2016,153,76,91,32,2,12
4/26/2016,163,95,91,36,3,15
4/27/2016,179,95,77,29,2,14
4/28/2016,178,63,62,16,1,9
4/29/2016,140,52,56,13, ,8
4/30/2016,124,37,64,18,1,8
5/1/2016,88,39,65,16,1,7
5/2/2016,87,55,55,18, ,8
5/3/2016,114,62,64,22, ,10
5/4/2016,136,60,52,21,12,12
5/5/2016,134,61,74,24,3,9
5/6/2016,139,64,84,30,2,12
5/7/2016,141,69,84,26,2,11
5/8/2016,155,65,89,26,2,11
5/9/2016,149,64,80,29,2,13
5/10/2016,148,71,75,30,2,14
5/11/2016,154,66,80,25,2,13
5/12/2016,150,61,79,22, ,11
5/13/2016,131,49,83,16, ,10
5/14/2016,112,45,65,14,41,21
5/15/2016,98,37,73,13,11,10
5/16/2016,89,29,55,18,80,10
5/17/2016,70,26,50,13,7,11
5/18/2016,61,25,39,14, ,11
5/19/2016,65,15,31,11, ,10
5/20/2016,32,15,23,11, ,10
5/21/2016,33,17,24,11, ,10
5/22/2016,42,25,34,15, ,11
5/23/2016,58,27,42,14, ,11
5/24/2016,63,28,32,15,15,11
5/25/2016,67,38,49,14,1,10
5/26/2016,67,41,41,15,2,8
5/27/2016,72,38,46,12, ,7
5/28/2016,68,31,36,11,1,8
5/29/2016,52,32,22,14,1,10
5/30/2016,61,26,30,12, ,9
5/31/2016,50,26,27,12,1,9
6/1/2016,38,23,24,13, ,9
6/2/2016,31,19,26,9, ,6
6/3/2016,30,20,18,11, ,8
6/4/2016,36,22,25,11, ,9
6/5/2016,44,21,18,10, ,10
6/6/2016,32,22,23,12,2,10
6/7/2016,42,22,23,11,1,10
6/8/2016,38,25,15,11,2,11
6/9/2016,42,24,14,11,1,11
6/10/2016,43,19,16,11, ,10
6/11/2016,34,31,28,12,29,13
6/12/2016,50,26,14,13,3,13
6/13/2016,41,26,25,11,1,11
6/14/2016,37,24,32,11,2,11
6/15/2016,39,20,33,10,1,10
6/16/2016,38,33,22,10,1,11
6/17/2016,35,19,25,10, ,10
6/18/2016,39,20,30,8, ,9
6/19/2016,33,26,33,11,1,10
6/20/2016,44,31,31,11, ,11
6/21/2016,54,17,19,8, ,8
6/22/2016,26,26,38,11,2,10
6/23/2016,54,25,23,13,1,11
6/24/2016,51,16,25,8,17,9
6/25/2016,32,16,24,7, ,9
6/26/2016,37,21,21,10,3,9
6/27/2016,32,22,23,10,1,6
6/28/2016,45,22,13,14, ,9
6/29/2016,39,23,16,13,1,9
6/30/2016,34,57,17,10,4,7
1/6/2016,116,53,9,24,1,11
1/7/2016,124,57, ,25,1,11
1/8/2016,122,55, ,25,1,14
1/9/2016,105,48, ,20,1,10
1/10/2016,90,46,36,27,1,9
1/11/2016,112,56,39,38,1,11
1/12/2016,121,58,43,27,3,11
1/13/2016,127,61,56,28,1,11
1/14/2016,119,52,36,19,1,10
1/15/2016,88,46,5,23,1,12
1/16/2016,83,42, ,22, ,9
1/17/2016,100,52,37,20,1,9
1/18/2016,114,60,46,29,1,13
1/19/2016,142,65,16,30,1,13
1/20/2016,145,68, ,31,1,15
1/21/2016,151,58,47,29,1,16
1/22/2016,127,44,8,19,1,12
1/23/2016,65,40, ,17, ,10
1/24/2016,75,50,31,18, ,12
1/25/2016,25,9,12,6, ,8
1/26/2016,25,10,12,7, ,8
1/27/2016,43,31, ,12, ,10
1/28/2016,81,51, ,18, ,14
1/29/2016,95,51, ,22, ,16
1/30/2016,94,62, ,24,1,17
1/31/2016,91,57,52,23, ,14
2/1/2016,76,57,42,23,1,12
2/2/2016,91,64,60,27,1,15
2/3/2016,95,64,52,28,1,15
2/4/2016,116,56,56,22,1,12
2/5/2016,124,56,12,24,1,13
2/6/2016,127,56, ,18,1,13
2/7/2016,94,43,31,11,1,12
2/8/2016,140,59,46,24,1,13
2/9/2016,152,68,60,28,1,15
2/10/2016,166,83,11,37,2,19
2/11/2016,169,85,14,39,1,20
2/12/2016,165,78,8,35,1,19
2/13/2016,165,74, ,31,1,16
2/14/2016,152,71,63,32,1,18
2/15/2016,162,80,64,33,1,18
2/16/2016,182,73,16,33,1,18
2/17/2016,159,74,72,36,1,20
2/18/2016,157,75,65,34,1,19
2/19/2016,139,75,11,33,1,19
2/20/2016,137,73, ,34,1,17
2/21/2016,156,75, ,24,1,16
2/22/2016,144,64,60,24,1,14
2/23/2016,149,71,50,27,1,15
2/24/2016,145,70,11,19,2,14
2/25/2016,108,59, ,20,2,15
2/26/2016,77,29, ,8,1,11
2/27/2016,58,25, ,8, ,10
2/28/2016,60,25, ,11, ,10
2/29/2016,66,28,17,13,1,7
3/1/2016,92,45,50,23,1,11
3/2/2016,135,64,74,28,1,12
3/3/2016,161,77,27,32,1,14
3/4/2016,143,61,10,27,1,13
3/5/2016,140,64, ,31,1,13
3/6/2016,158,79,76,38,1,18
3/7/2016,167,80,76,34,1,16
3/8/2016,143,66,53,28,1,13
3/9/2016,149,71,79,29,1,14
3/10/2016,160,77,71,35,1,15
3/11/2016,165,86,12,39,1,17
3/12/2016,163,81, ,28,1,14
3/13/2016,157,74,55,30,2,15
3/14/2016,163,84,60,35,1,17
3/15/2016,165,83,56,26,1,13
3/16/2016,142,72,60,27,1,11
3/17/2016,143,69,66,25,1,11
3/18/2016,142,70,15,24,1,11
3/19/2016,136,68, ,27,1,12
3/20/2016,165,88, ,34,1,15
3/21/2016,169,91,65,26,2,13
3/22/2016,142,76,16,22,2,11
3/23/2016,164,89,67,29,11,12
3/24/2016,171,95,79,33,2,14
3/25/2016,197,129,76,30,3,17
3/26/2016,172,90,68,23,1,15
3/27/2016,164,77,64,20,1,13
3/28/2016,149,71,59,24,1,13
3/29/2016,147,70,59,25,1,13
3/30/2016,160,77,70,35,1,15
3/31/2016,172,89,81,40,1,17
12/17/2020, ,57,19,4, , 
9/24/2020, ,23,7,1, , 
3/31/2020, ,83,30,6, , 
12/31/2019, ,41,16,9, , 
12/31/2018, ,41,22,10, , 
10/7/2017, ,40,8,4, , 
9/8/2017, ,33,2,8, , 
1/1/2017, ,22,12,4, , 
1/4/2016, ,46,44,21,1,10
1/5/2016, ,47,45,20,1,9
10/1/2015, ,22,8,10, ,6
10/2/2015, ,22, ,10, ,8
10/3/2015, ,16, , , , 
10/5/2015, ,25,20,10, ,8
10/6/2015, ,22,26,10, ,8
10/7/2015, ,18,26,11, ,8
10/8/2015, ,20,5,10, ,8
10/9/2015, ,21, , , , 
10/11/2015, ,6,22,3, ,3
10/12/2015, ,10,22,6,1,6
10/13/2015, ,15,29,10,1,9
10/14/2015, ,26,20,11,1,9
10/15/2015, ,28,7,12,1,9
10/16/2015, ,35, ,16,1,11
10/17/2015, ,33,30,14,1,9
10/18/2015, ,32,31,14,1,9
10/19/2015, ,33,29,11,1,8
10/20/2015, ,30,44,17, ,11
10/21/2015, ,29,6,16, ,10
10/22/2015, ,33, ,15, ,10
10/23/2015, ,37, ,14, ,10
10/24/2015, ,39, ,17, ,12
10/25/2015, ,53, ,24,1,13
10/26/2015, ,55,49,20,1,11
10/27/2015, ,49,33,15,1,11
10/28/2015, ,44,8,11, ,10
10/29/2015, ,35, ,13,1,10
10/30/2015, ,30, ,14, ,11
10/31/2015, ,33, ,14,1,11
11/1/2015, ,32,35,16, ,12
11/2/2015, ,29,21,7, ,9
11/3/2015, ,18,33,14, ,11
11/4/2015, ,22,26,16, ,12
11/5/2015, ,30,7,8, ,10
11/6/2015, ,25, , , , 
11/8/2015, ,28,28,15, ,12
11/9/2015, ,36,12,11, ,9
11/10/2015, ,27,24,18, ,12
11/11/2015, ,34,22,10, ,9
11/12/2015, ,22,4,13, ,10
11/13/2015, ,25, ,15, ,10
11/14/2015, ,34,32,13, ,8
11/15/2015, ,31,34,16, ,6
11/16/2015, ,48,33,16, ,6
11/17/2015, ,29,36,20,1,8
11/18/2015, ,35,34,18,1,7
11/19/2015, ,36,11,12, ,5
11/20/2015, ,29, ,11, ,5
11/21/2015, ,24,29,13,1,5
11/22/2015, ,23,34,15,1,6
11/23/2015, ,31,36,18, ,7
11/24/2015, ,34,34,17,2,8
11/25/2015, ,40,41,16,1,9
11/26/2015, ,42,5,20, ,11
11/27/2015, ,44, ,20, ,10
11/28/2015, ,39,40,18, ,10
11/29/2015, ,38,43,21,1,11
11/30/2015, ,42,40,19,1,9
12/1/2015, ,43,44,19,1,9
12/2/2015, ,39,13,17,1,9
12/3/2015, ,35,11,8, ,5
12/4/2015, ,28, ,10, ,6
12/5/2015, ,19, ,12, ,7
12/6/2015, ,24,34,11,1,6
12/7/2015, ,30,31,17,1,10
12/8/2015, ,37,5,15, ,8
12/9/2015, ,33,43,16, ,8
12/10/2015, ,31,6,20,2,10
12/11/2015, ,42, ,25,1,11
12/12/2015, ,49,44,26,1,11
12/13/2015, ,47,45,22,1,10
12/14/2015, ,48,39,24,1,11
12/15/2015, ,51,42,21,1,12
12/16/2015, ,54,40,16,1,11
12/17/2015, ,50,18,18,1,12
12/18/2015, ,41, ,21,1,11
12/19/2015, ,44,48,21,1,12
12/20/2015, ,46,50,27,1,14
12/21/2015, ,53,55,24,1,12
12/22/2015, ,49,45,20,1,11
12/23/2015, ,36,38,22,1,12
12/24/2015, ,39,41,18, ,10
12/25/2015, ,42,43,19,1,10
12/26/2015, ,41,36,17,1,10
12/27/2015, ,33,37,21,1,13
12/28/2015, ,50,38,18,1,12
12/29/2015, ,48,42,21,1,15
12/30/2015, ,49, , , , 
1/3/2016, ,41, , , , 
7/1/2015, ,32,19,9,1,5
7/2/2015, ,36,20,11,1,6
7/3/2015, ,33,29,11,1,5
7/4/2015, ,34,27,7,1,4
7/5/2015, ,20,28,10,1,5
7/6/2015, ,26,25,8,1,5
7/7/2015, ,27,19,9,1,5
7/8/2015, ,27,10,13,1,8
7/9/2015, ,23,21,13,1,7
7/10/2015, ,36,26,10,1,5
7/11/2015, ,27,15,10,1,6
7/12/2015, ,26,20,10,1,7
7/13/2015, ,30,23,10,1,7
7/14/2015, ,28,18,10,1,6
7/15/2015, ,27,19,9,1,6
7/16/2015, ,23,16,5, ,3
7/17/2015, ,14,16,3,1,2
7/18/2015, ,14,21,8,1,5
7/19/2015, ,20,17,12,1,7
7/20/2015, ,31, ,9,1,6
7/21/2015, ,24, ,10,1,7
7/22/2015, ,22, ,11,1,7
7/23/2015, ,28, ,10,1,7
7/24/2015, ,21, ,11,1,7
7/25/2015, ,29, ,8,1,6
7/26/2015, ,26, ,9,1,6
7/27/2015, ,22, ,11,1,8
7/28/2015, ,21, ,10,1,8
7/29/2015, ,26, ,8,1,5
7/30/2015, ,22, ,7,1,5
7/31/2015, ,20, ,8,1,5
8/1/2015, ,26, ,11,1,7
8/2/2015, ,28, ,13,1,9
8/3/2015, ,32, ,12,1,8
8/4/2015, ,33, ,9,1,6
8/5/2015, ,24, ,15,1,7
8/6/2015, ,32, ,13,1,7
8/7/2015, ,43, ,11,1,7
8/8/2015, ,35, ,10,1,6
8/9/2015, ,22, ,9,1,6
8/10/2015, ,22, ,8,1,6
8/11/2015, ,23, ,7,1,5
8/12/2015, ,22, ,9,1,6
8/13/2015, ,19, ,8,1,7
8/14/2015, ,17, ,9,1,7
8/15/2015, ,22, ,8,1,6
8/16/2015, ,19, ,10,1,8
8/17/2015, ,23, ,12,1,10
8/18/2015, ,29, ,12,1,11
8/19/2015, ,31, ,10,1,8
8/20/2015, ,31, ,8,1,7
8/21/2015, ,22, ,8,1,6
8/22/2015, ,19, ,8,1,6
8/23/2015, ,18, ,9,1,7
8/24/2015, ,20, ,10,1,7
8/25/2015, ,23, ,10,1,7
8/26/2015, ,24, ,10,1,7
8/27/2015, ,21, ,13,1,7
8/28/2015, ,26, ,7,1,6
8/29/2015, ,25, ,10,1,8
8/30/2015, ,27, ,11,1,8
8/31/2015, ,23, ,12,1,9
9/1/2015, ,31, ,10,1,7
9/2/2015, ,28, ,8,1,7
9/3/2015, ,22, ,11,1,9
9/4/2015, ,22, ,10,1,9
9/5/2015, ,26, ,8,1,8
9/6/2015, ,21, ,11,1,10
9/7/2015, ,26, ,10,1,9
9/8/2015, ,23, ,11,1,9
9/9/2015, ,24, ,10,1,8
9/10/2015, ,27, ,9,1,9
9/11/2015, ,28, ,9,1,8
9/12/2015, ,24, ,9,1,9
9/13/2015, ,23, ,11,1,10
9/14/2015, ,27, ,8,1,9
9/15/2015, ,27, ,10,1,10
9/16/2015, ,34, ,10,1,10
9/17/2015, ,32, ,10,1,10
9/18/2015, ,16, ,9,1,9
9/19/2015, ,18, ,10,1,10
9/20/2015, ,26, ,12,1,11
9/21/2015, ,39, ,11,1,11
9/22/2015, ,34, ,13,1,11
9/23/2015, ,33, ,9,1,9
9/24/2015, ,26,4,11,1,10
9/25/2015, ,27, ,11,1,10
9/26/2015, ,29,27,9,1,9
9/27/2015, ,29,30,11,1,9
9/28/2015, ,31,40,15, ,9
9/29/2015, ,38,39,12, ,8
9/30/2015, ,36,14,8, ,6
4/1/2015, ,45,48,14,14,9
4/2/2015, ,67,47,12,14,8
4/3/2015, ,75,62,17,13,9
4/4/2015, ,73,56,13,11,8
4/5/2015, ,83,56,13,11,10
4/6/2015, ,78,47,17,3,8
4/7/2015, ,81,40,13,14,7
4/8/2015, ,75,30, ,4,6
4/9/2015, ,57,37,17,4,5
4/10/2015, ,51,40,11,3,4
4/11/2015, ,54,35,8,2,3
4/12/2015, ,48,26,7,2,4
4/13/2015, ,24,39,15,3,7
4/14/2015, ,29,47,22,4,12
4/15/2015, ,47,46,21,3,13
4/16/2015, ,54,40,16,2,12
4/17/2015, ,55,40,20,4,13
4/18/2015, ,58,40,19,3,12
4/19/2015, ,57,49,23,4,12
4/20/2015, ,58,42,19,2,10
4/21/2015, ,63,34,13,1,9
4/22/2015, ,63,39,12,2,9
4/23/2015, ,48,31,12,2,8
4/24/2015, ,32,36,11,1,9
4/25/2015, ,28,23,10, ,9
4/26/2015, ,25,35,11,2,8
4/27/2015, ,17,28,10, ,8
4/28/2015, ,20,29,10,1,7
4/29/2015, ,24,33,16,1,9
4/30/2015, ,29,39,17,1,9
5/1/2015, ,48,39,18,3,10
5/2/2015, ,51,39,18,3,11
5/3/2015, ,59,36,13,6,8
5/4/2015, ,55,39,12,3,8
5/5/2015, ,54,33,13,3,8
5/6/2015, ,50,36,15,2,8
5/7/2015, ,48,38,14,2,6
5/8/2015, ,65,32,11,2,5
5/9/2015, ,62,34,12,1,6
5/10/2015, ,66,32,15,2,8
5/11/2015, ,72,37,19,1,8
5/12/2015, ,59,35,16,1,9
5/13/2015, ,62,29,16,30,11
5/14/2015, ,63,33,12,6,7
5/15/2015, ,42,25,13,1,7
5/16/2015, ,34,17,11,1,7
5/17/2015, ,28,17,12,1,6
5/18/2015, ,20,15,11,1,5
5/19/2015, ,17,18,11,1,7
5/20/2015, ,18,15,14, ,8
5/21/2015, ,22,14,12, ,7
5/22/2015, ,23,13,12, ,7
5/23/2015, ,21,21,9,1,6
5/24/2015, ,24,21,10,1,6
5/25/2015, ,38,24,10,1,6
5/26/2015, ,39,25,10, ,5
5/27/2015, ,33,20,11,2,6
5/28/2015, ,37,23,12,1,6
5/29/2015, ,39,24,12,1,6
5/30/2015, ,33,16,12,1,6
5/31/2015, ,27,14,10,1,7
6/1/2015, ,24,19,12,3,6
6/2/2015, ,24,20,11,2,6
6/3/2015, ,30,20,11,5,6
6/4/2015, ,26,21,11,2,7
6/5/2015, ,24,13,10,1,4
6/6/2015, ,19,17,10,1,6
6/7/2015, ,19,23,11,1,6
6/8/2015, ,27,18,10,4,6
6/9/2015, ,17,21,9,2,6
6/10/2015, ,15,15,10,1,6
6/11/2015, ,18,20,10,4,6
6/12/2015, ,18,17,11,1,7
6/13/2015, ,18,20,9,1,5
6/14/2015, ,19,22,10,1,6
6/15/2015, ,20,24,10,3,6
6/16/2015, ,16, ,12,1,5
6/17/2015, ,20, ,20,24,46
6/18/2015, ,18,19,12,24,26
6/19/2015, ,14,30,9,1,5
6/20/2015, ,19,23,8,1,4
6/21/2015, ,19,20,9,1,5
6/22/2015, ,23,18,11,1,6
6/23/2015, ,30,18,11,1,6
6/24/2015, ,33,16,11,1,6
6/25/2015, ,26,17,9,1,5
6/26/2015, ,19,18,11,1,6
6/27/2015, ,23,26,11,1,6
6/28/2015, ,23,22,12,1,6
6/29/2015, ,28,24,12,1,6
6/30/2015, ,32,26,12,1,5
1/1/2015, ,39,37,15,9,10
1/2/2015, ,35,52,16,9,6
1/3/2015, ,52,58,18,6,9
1/4/2015, ,51,47,17,6,9
1/5/2015, ,55,34,15,9,7
1/6/2015, ,52,40,15,13,6
1/7/2015, ,43,26,16,6,8
1/8/2015, ,54,21,15,6,11
1/9/2015, ,35,25,10,11,7
1/10/2015, ,6,21,8,7,12
1/11/2015, ,8,25,7,6,8
1/12/2015, ,11,27,11,9,6
1/13/2015, ,17,30,11,7,9
1/14/2015, ,27,27,14,8,10
1/15/2015, ,35,39,14,9,6
1/16/2015, ,37,43,12,9,6
1/17/2015, ,40,53,14,6,8
1/18/2015, ,48,33,14,12,12
1/19/2015, ,55,41,15,11,6
1/20/2015, ,59,25,15,6,9
1/21/2015, ,54,29,13,4,8
1/22/2015, ,43,32,12,8,5
1/23/2015, ,40,36,12,7,9
1/24/2015, ,38,38,11,6,7
1/25/2015, ,32,39,14,9,6
1/26/2015, ,42,41,13,11,5
1/27/2015, ,48,43,14,3,8
1/28/2015, ,48,46,15,7,9
1/29/2015, ,49,42,19,8,5
1/30/2015, ,54,43,12,2,6
1/31/2015, ,56,42,11,3,7
2/1/2015, ,65,44,14,7,6
2/2/2015, ,63,40,16,5,5
2/3/2015, ,60,39,15,2,6
2/4/2015, ,55,42,14,7,6
2/5/2015, ,54,44,12,5,5
2/6/2015, ,56,45,16,3,6
2/7/2015, ,58,52,9,4,7
2/8/2015, ,56,52,12,7,7
2/9/2015, ,64,55,15,4,7
2/10/2015, ,66,31,16,6,10
2/11/2015, ,63,40,14,8,5
2/12/2015, ,60,36,15,6,3
2/13/2015, ,58,40,17,3,3
2/14/2015, ,49,48,16,3,5
2/15/2015, ,55,45,17,5,4
2/16/2015, ,65,41,18,4,3
2/17/2015, ,63,39,17,3,4
2/18/2015, ,57,40,17,6,6
2/19/2015, ,57,37,17,4,2
2/20/2015, ,54,45,17,3,4
2/21/2015, ,52,49,19,3,6
2/22/2015, ,57,41,17,5,3
2/23/2015, ,67,34,18,3,7
2/24/2015, ,60,33,22,2,6
2/25/2015, ,60,35,23,6,6
2/26/2015, ,67,34,22,5,4
2/27/2015, ,65,42,18,2,9
2/28/2015, ,69,56,22,3,11
3/1/2015, ,80,61,24,5,10
3/2/2015, ,101,64,26,2,13
3/3/2015, ,95,43,15,2,7
3/4/2015, ,79,42,19,3,6
3/5/2015, ,60,53,22,3,7
3/6/2015, ,69,52,20,1,9
3/7/2015, ,78,67,20,3,9
3/8/2015, ,74,69,30,6,14
3/9/2015, ,102,52,29,6,16
3/10/2015, ,141,58,28,5,12
3/11/2015, ,124,57,30,5,11
3/12/2015, ,97,60,20,4,8
3/13/2015, ,87, , , , 
3/16/2015, ,131,58,31,6,16
3/17/2015, ,162,60,28,4,11
3/18/2015, ,129,80,30,5,11
3/19/2015, ,105,64,35,7,12
3/20/2015, ,108,69,28,6,11
3/21/2015, ,116,48,12,4,6
3/22/2015, ,88,35,14,5,6
3/23/2015, ,55,39,14,7,5
3/24/2015, ,55,31,9,10,9
3/25/2015, ,42,26,8,8,9
3/26/2015, ,27,29,9,9,7
3/27/2015, ,21,38,8,8,8
3/28/2015, ,26,33,9,11,7
3/29/2015, ,27,45,12,11,7
3/30/2015, ,39,35,11,12,7
3/31/2015, ,50,40,12,8,5
10/1/2014, ,21,27,8,7,2
10/2/2014, ,23,27,8,2,3
10/3/2014, ,25,26,6,2,2
10/4/2014, ,24,15,4,2,1
10/5/2014, ,19,28,7,8,6
10/6/2014, ,16,27,9,5,3
10/7/2014, ,25,32,8,3,2
10/8/2014, ,45,35,8,5,3
10/9/2014, ,50,36,9,3,3
10/10/2014, ,47,34,9,4,3
10/11/2014, ,36,16,8,4,3
10/12/2014, ,27,32,9,1,3
10/13/2014, ,28,31,10,2,3
10/14/2014, ,46,26,11,3,4
10/15/2014, ,52,43,10,3,3
10/16/2014, ,54,39,11,4,3
10/17/2014, ,54,72,7,38,16
10/18/2014, ,46,38, ,8,4
10/19/2014, ,35,37,10,8,7
10/20/2014, ,41,23,12,5,5
10/21/2014, ,35,8,9,6,5
10/22/2014, ,26,19,6,4,7
10/23/2014, ,15,16,8,5,8
10/24/2014, ,12,19,11,6,8
10/25/2014, ,19,28,8,6,8
10/26/2014, ,20,27,9,7,8
10/27/2014, ,23,19,11,4,8
10/28/2014, ,28,24,9,5,8
10/29/2014, ,27,22,7,1,6
10/30/2014, ,22,36,9,6,5
10/31/2014, ,30,34,8,4,5
11/1/2014, ,30,28,7,8,4
11/2/2014, ,24,27,8,5,3
11/3/2014, ,25,28,7,5,3
11/4/2014, ,26,12,11,5,6
11/5/2014, ,27,9,11,7,5
11/6/2014, ,15,19,9,5,3
11/7/2014, ,15,13,4,1,3
11/8/2014, ,15,31,8,7,4
11/9/2014, ,21,30,8,7,3
11/10/2014, ,24,31,9,5,4
11/11/2014, ,28,33,12,4,9
11/12/2014, ,33,42,12,5,2
11/13/2014, ,35,32,7,4,3
11/14/2014, ,39,35,6,5,2
11/15/2014, ,28,34,7,5,3
11/16/2014, ,25,28,11,4,4
11/17/2014, ,33,38,9,4,3
11/18/2014, ,38,48,9,6,3
11/19/2014, ,40,34,8,4,4
11/20/2014, ,37,38,9,4,3
11/21/2014, ,34,37,8,4,4
11/22/2014, ,36,35,9,4,2
11/23/2014, ,31,39,12,4,4
11/24/2014, ,37,39,13,10,6
11/25/2014, ,41,43,11,3,2
11/26/2014, ,41,41,12,3,3
11/27/2014, ,39,41,13,4,6
11/28/2014, ,36,46,8,6,2
11/29/2014, ,28, , , , 
12/1/2014, ,40,42,12,3,3
12/2/2014, ,35,42,10,1,3
12/3/2014, ,36,34,12,4,3
12/4/2014, ,32,36,11,3,2
12/5/2014, ,29,20,8,42,5
12/6/2014, ,31,31, ,6,5
12/9/2014, ,50,34,10,5,4
12/10/2014, ,43,40,13,7,7
12/11/2014, ,43,43,14,6,3
12/12/2014, ,47,34,14,5,5
12/13/2014, ,43,47,10,6,6
12/14/2014, ,40,57,16,6,4
12/15/2014, ,47,31,11,6,5
12/16/2014, ,49,16,9,4,9
12/17/2014, ,40,18,13,5,6
12/18/2014, ,42,25,12,4,3
12/19/2014, ,49,27,12,5,5
12/20/2014, ,38,36,10,10,4
12/21/2014, ,33,27,8,9,6
12/22/2014, ,37,38,13,7,4
12/23/2014, ,50,33,16,5,4
12/24/2014, ,52,36,17,9,3
12/25/2014, ,52,38,16,5,5
12/26/2014, ,50,39,16,8,4
12/27/2014, ,45,30,15,9,2
12/28/2014, ,33, , , , 
7/1/2014, ,26,30,8,3,2
7/2/2014, ,27,20,8,3,2
7/3/2014, ,20,23,11,2,4
7/4/2014, ,21,26,8,2,2
7/5/2014, ,26,22,14,2,2
7/6/2014, ,29,6,18,2,2
7/7/2014, ,32,7,12,5,5
7/8/2014, ,26,7,9,2,3
7/9/2014, ,23,13,7,2,2
7/10/2014, ,18,26,7,2,4
7/11/2014, ,15,19,7,6,4
7/12/2014, ,15,11,7,4,2
7/13/2014, ,14,17,9,5,3
7/14/2014, ,15,13,10,3,3
7/15/2014, ,19,19,8,4,3
7/16/2014, ,19,20,8,4,4
7/17/2014, ,20,16,7,10,3
7/18/2014, ,20,14,6,3,2
7/19/2014, ,17,16,4,4,1
7/20/2014, ,15,23,6,6,2
7/21/2014, ,16,20,8,4,1
7/22/2014, ,21,13,9,3,2
7/23/2014, ,25,29,8,5,2
7/24/2014, ,30,19,7,4,2
7/25/2014, ,22,20,6,4,2
7/26/2014, ,19,15,7,3,1
7/27/2014, ,15,17,9,3,3
7/28/2014, ,19,16,10,3,2
7/29/2014, ,26,22,7,2,2
7/30/2014, ,21,18,8,8,2
7/31/2014, ,21,18,8,3,2
8/1/2014, ,21,18,7,3,2
8/2/2014, ,18,13,5,3,1
8/3/2014, ,14,19,8,2,3
8/4/2014, ,18,21,9,2,3
8/5/2014, ,23,12,8,3,2
8/6/2014, ,19,14,8,2,1
8/7/2014, ,18,16,7,3,2
8/8/2014, ,14,16,6,2,2
8/9/2014, ,17,17,5,3,1
8/10/2014, ,13,19,8,1,3
8/11/2014, ,15,20,6,3,1
8/12/2014, ,18,14,9,3,2
8/13/2014, ,21,7,11,2,4
8/14/2014, ,19,15,8,3,1
8/15/2014, ,18,14,6,2,2
8/16/2014, ,17,1,5,1,2
8/17/2014, ,17,16,10,8,2
8/18/2014, ,25,18,8,5,3
8/19/2014, ,24,15,6,5,2
8/20/2014, ,18,15,4,4,2
8/21/2014, ,18,20,6,9,3
8/22/2014, ,18,19,9,2,2
8/23/2014, ,23,20,9,2,1
8/24/2014, ,21,9,7,3,1
8/25/2014, ,21,10,6,14,2
8/26/2014, ,26,13,5,3,1
8/27/2014, ,23,14,6,7,2
8/28/2014, ,13,8,6,6,2
8/29/2014, ,19,7,6,4,2
8/30/2014, ,15,12,5,5,2
8/31/2014, ,10,5,5,5,2
9/1/2014, ,15,6,7,6,1
9/2/2014, ,17,8,4,4,2
9/3/2014, ,10,7,7,5,2
9/4/2014, ,10,11,5,5,1
9/5/2014, ,13,10,5,6,1
9/6/2014, ,16,14,4,2,1
9/7/2014, ,16,15,6,5,2
9/8/2014, ,20,9,6,11,2
9/9/2014, ,26,18,6,4,2
9/10/2014, ,26,15,7,3,2
9/11/2014, ,26,18,7,5,2
9/12/2014, ,30,10,5,2,1
9/13/2014, ,26,15,4,5,1
9/14/2014, ,19,12,5,2,1
9/15/2014, ,19,22,7,17,10
9/16/2014, ,19,11,6,14,1
9/17/2014, ,18,13,7,1,2
9/18/2014, ,13,15,7,14,2
9/19/2014, ,16,22,7,7,1
9/20/2014, ,21,16,6,14, 
9/21/2014, ,18,14,9,6,4
9/22/2014, ,20,21,10,5,4
9/23/2014, ,28,17,7,7,3
9/24/2014, ,26,18,8,7,3
9/25/2014, ,17,12,8,7,3
9/26/2014, ,10,21,7,4,3
9/27/2014, ,15,1,4,2,2
9/28/2014, ,20,13,8,5,2
9/30/2014, ,20,20,8,6,3
4/1/2014, ,89,12,33,28,15
4/2/2014, ,92,4,26,26,16
4/3/2014, ,85,8,21,26,13
4/4/2014, ,76,20,15,28,10
4/5/2014, ,45,10,17,27,12
4/6/2014, ,44,12,15,25,10
4/7/2014, ,46,27,16,26,10
4/8/2014, ,54,55,15,22,8
4/9/2014, ,60,58,16,18,4
4/10/2014, ,66,42,17,13,5
4/11/2014, ,63,57,15,19,5
4/12/2014, ,64,50,17,17,7
4/13/2014, ,55,52,14,1,4
4/14/2014, ,45,50,11,1,3
4/15/2014, ,41,61,9,2,3
4/16/2014, ,36,55,13,1,4
4/17/2014, ,47,65,12,1,5
4/18/2014, ,43, ,13, ,45
4/19/2014, ,33, ,12, ,41
4/20/2014, ,36,37,13,20,16
4/21/2014, ,30,38,12,6,10
4/22/2014, ,56,36,14,3,11
4/23/2014, ,60,44,13,4,11
4/24/2014, ,69,35,11,23,9
4/25/2014, ,68,39,8,11,12
4/26/2014, ,59,40,8,4,8
4/27/2014, ,51,28,15,2,9
4/28/2014, ,55,28,10,2,4
4/29/2014, ,51,30,11,1,5
4/30/2014, ,35,34,11,1,4
5/1/2014, ,41,35,13,1,4
5/2/2014, ,44,23,9,1,2
5/3/2014, ,47,26,10,1,2
5/5/2014, ,47,26,9,1,2
5/6/2014, ,37,30,10,1,2
5/7/2014, ,41,21,12,2,4
5/8/2014, ,40,14,6,2,2
5/9/2014, ,51,14,10,2,4
5/10/2014, ,37,21,11,2,5
5/11/2014, ,38,24,10,2,4
5/12/2014, ,37,17,7,2,4
5/13/2014, ,24,27,10,1,3
5/14/2014, ,37,24,7,2,2
5/15/2014, ,34,25,10,2,3
5/16/2014, ,35,25,10,1,3
5/17/2014, ,37,20,9,1,3
5/18/2014, ,37,17,7,1,3
5/19/2014, ,21,18,8,1,3
5/20/2014, ,26,15,8,1,3
5/21/2014, ,22,19,7,1,2
5/22/2014, ,22,21,8,1,3
5/23/2014, ,22,23,8,1,4
5/24/2014, ,26,22,8,1,2
5/25/2014, ,29,22,13,23,18
5/26/2014, ,30,25,14,6,6
5/27/2014, ,38,29,10,4,5
5/28/2014, ,32,18,9,3,5
5/29/2014, ,26,30,10,3,6
5/30/2014, ,22,21,10,3,5
5/31/2014, ,27,17,6,3,2
6/1/2014, ,20,25,9,2,3
6/2/2014, ,17,24,9,3,3
6/3/2014, ,23,26,11,2,4
6/4/2014, ,30,24,10,3,4
6/5/2014, ,32,20,9,2,2
6/6/2014, ,21,20,7,2,4
6/7/2014, ,20,13,4,2,3
6/8/2014, ,14,11,8,2,4
6/9/2014, ,15,15,10,14,14
6/10/2014, ,19,37,8,15,21
6/11/2014, ,21,20,7,1,3
6/12/2014, ,18,13,10,2,4
6/13/2014, ,19,12,9,1,2
6/14/2014, ,18,23,7,2,2
6/15/2014, ,21,15,8,2,3
6/16/2014, ,21,17,9,2,3
6/17/2014, ,20,18,8,1,3
6/18/2014, ,23,16,7,1,2
6/19/2014, ,20,14,6,1,3
6/20/2014, ,26,16,6,1,3
6/21/2014, ,33,19,7,1,3
6/22/2014, ,33,17,8,1,2
6/23/2014, ,29,16,7,1,3
6/24/2014, ,29,15,8,4,3
6/25/2014, ,22,21,5,2,1
6/26/2014, ,23,8,11,2,4
6/27/2014, ,25,23,10,1,4
6/28/2014, ,34,18,8,1,1
6/29/2014, ,37,21,9,5,1
6/30/2014, ,29,24,8,3,2
1/1/2014, ,56,43,20,3,9
1/2/2014, ,49,33,19,1,6
1/3/2014, ,49,34,15,1,5
1/4/2014, ,39,37,19,2,8
1/5/2014, ,46,41,16,1,5
1/6/2014, ,49,37,18,1,5
1/7/2014, ,41,45,15, ,5
1/8/2014, ,39,41,19,1,6
1/9/2014, ,41,39,18,2,6
1/10/2014, ,48,39,18,1,6
1/11/2014, ,53,42,18,1,6
1/12/2014, ,48,38,21,1,8
1/13/2014, ,42,41,19,1,9
1/14/2014, ,43,40,18,6,8
1/15/2014, ,45,35,20,3,7
1/16/2014, ,41,44,24,2,6
1/17/2014, ,46,28,13,1,4
1/18/2014, ,44,31,13,10,4
1/19/2014, ,35,36,18,1,6
1/20/2014, ,46,32,11,1,3
1/21/2014, ,54,10,21,2,7
1/22/2014, ,55,38,27,3,7
1/23/2014, ,53,58,25,1,8
1/24/2014, ,50,4,18, ,6
1/25/2014, ,52, , , , 
1/27/2014, ,57,50,25,1,8
1/28/2014, ,55,48,20,2,7
1/29/2014, ,47,45,23,1,8
1/30/2014, ,41,48,22,2,7
1/31/2014, ,42,35,17,2,5
2/1/2014, ,35,32,13,2,4
2/2/2014, ,23,32,18,2,4
2/3/2014, ,21,40,19,1,6
2/4/2014, ,25,40,23,2,7
2/5/2014, ,28,40,20,3,5
2/6/2014, ,27,37,21,2,5
2/7/2014, ,31,38,26,3,6
2/8/2014, ,33,39,25,1,5
2/9/2014, ,27,45,31,1,8
2/10/2014, ,32,53,28,1,7
2/11/2014, ,41,37,27,1,7
2/12/2014, ,46,43,26,1,5
2/13/2014, ,34,43,22,1,5
2/14/2014, ,30,7,25,1,7
2/15/2014, ,25,37,17,1,3
2/16/2014, ,23,34,20,2,6
2/17/2014, ,24,29,13,3,3
2/18/2014, ,21,36,18,1,7
2/19/2014, ,20,48,14, ,5
2/20/2014, ,25,48,18,1,9
2/21/2014, ,41,48,20,5,5
2/22/2014, ,59,43,18,1,4
2/23/2014, ,49,56,25,1,6
2/24/2014, ,50,54,22,2,6
2/25/2014, ,53,65,14,1,7
2/26/2014, ,53,62,24,1,8
2/27/2014, ,57,70,24,1,7
2/28/2014, ,63,82,11,1,6
3/1/2014, ,63,68, ,2,7
3/2/2014, ,61,66,31,1,8
3/3/2014, ,62,61,22,1,6
3/4/2014, ,58,61,22,2,8
3/5/2014, ,77,57,34,1,9
3/6/2014, ,72,65,38,1,7
3/7/2014, ,66,68,33,2,10
3/8/2014, ,72,69,30,1,12
3/9/2014, ,69,56,35,1,11
3/10/2014, ,76,60,27,2,7
3/11/2014, ,84,79,36,3,10
3/12/2014, ,82,83,32,3,11
3/13/2014, ,82,75,37,1,11
3/14/2014, ,86,69,33,1,15
3/15/2014, ,98,7, ,1,11
3/16/2014, ,101,94,43,1,12
3/17/2014, ,86,76,32,1,15
3/18/2014, ,105,71,21,1,9
3/19/2014, ,104,90,36,2,16
3/20/2014, ,90,74,41,2,27
3/21/2014, ,128,20,23,4,21
3/22/2014, ,146,47,12, ,6
3/23/2014, ,36,44,19,1,9
3/24/2014, ,43,57,19,13,10
3/25/2014, ,28,66,27,3,13
3/26/2014, ,78,77,33,22,16
3/27/2014, ,96,62,32,26,13
3/28/2014, ,104,66,32,27,15
3/29/2014, ,94,55,21,28,11
3/30/2014, ,98,66,32,28,15
3/31/2014, ,89,53,39,28,19
12/12/2020, , ,12,14, , 
12/13/2020, , ,18,10, , 
12/14/2020, , ,20,10, , 
12/15/2020, , ,18,8, , 
12/16/2020, , ,18,4, , 
10/4/2015, , ,36,12, ,7
10/10/2015, , ,20,1, ,2
11/7/2015, , ,27,14, ,12
1/2/2016, , ,47,19,1,11
12/31/2014, , ,28,12,5,6
3/15/2015, , ,62,36,4,19
11/30/2014, , ,29,15,3,7
12/7/2014, , ,34,9,10,4
12/8/2014, , ,35,12,6,4
9/29/2014, , ,21,7,5,3
5/4/2014, , ,31,9,1,1
12/31/2013, , ,38,17,1,7
1/26/2014, , ,61,31,3,13
